COD_PEDIDO;COD_PRODUCTO;COD_PRESENTACION;CANTIDAD_SOLICITADA;CANTIDAD_ENTREGADA
1907422;26;10;16;0;
1907422;35;2;2;0;
1907422;38;5;17;0;
2742690;67;9;12;0;
2742690;69;4;7;0;
2742690;71;3;6;0;
643030;68;4;13;0;
643030;69;8;17;0;
3858894;9;14;4;0;
3858894;13;11;6;0;
3858894;27;21;20;0;
3858894;34;22;8;0;
6329455;35;13;17;17;
6329455;36;18;11;8;
6329455;45;27;18;1;
6329455;52;25;20;5;
3580979;9;28;1;0;
9267651;11;21;9;8;
9267651;18;20;16;5;
9267651;20;19;10;9;
9267651;26;13;8;1;
9267651;53;23;17;10;
8315158;47;14;10;0;
8115441;72;3;16;0;
6741652;51;11;2;0;
6741652;59;20;16;0;
6741652;64;11;2;0;
8108354;51;16;16;0;
8108354;57;26;12;0;
8108354;60;15;14;0;
8108354;62;21;1;0;
5466460;28;29;12;12;
5466460;31;16;16;16;
5466460;40;11;14;14;
5466460;66;30;19;19;
7656490;10;13;20;20;
7656490;23;13;16;16;
7656490;35;15;8;8;
8675052;17;6;13;0;
8675052;18;6;6;0;
8675052;47;3;20;0;
8675052;64;3;12;0;
3559651;49;22;4;0;
3559651;57;12;3;0;
285010;13;14;7;0;
285010;19;21;5;0;
285010;60;13;12;0;
285010;70;11;4;0;
7797077;8;21;16;16;
7797077;12;20;6;6;
7797077;28;20;4;4;
7797077;34;11;20;20;
7797077;65;13;13;13;
7818665;2;8;16;0;
7818665;41;2;20;0;
7818665;44;4;5;0;
526937;2;19;20;0;
526937;4;29;11;0;
526937;33;13;19;0;
526937;53;23;16;0;
8786677;67;9;19;0;
8786677;69;9;5;0;
8786677;71;7;14;0;
8786677;72;1;19;0;
3123909;25;19;20;0;
3123909;38;13;3;0;
3123909;42;27;8;0;
3123909;55;27;7;0;
3780445;69;9;4;0;
3780445;72;8;2;0;
6265414;2;18;9;0;
6265414;56;21;19;0;
1565260;56;22;1;1;
1565260;58;24;11;11;
1565260;61;30;18;18;
9624339;53;18;16;4;
9624339;58;19;4;1;
9624339;62;29;18;16;
9624339;66;22;13;3;
5750902;68;1;17;17;
5750902;69;6;4;4;
8818896;8;6;5;5;
8818896;12;7;5;5;
8818896;39;10;2;2;
8818896;55;6;16;16;
8818896;63;10;7;7;
8290245;33;19;17;17;
4677495;6;11;8;0;
4677495;18;11;10;0;
7650332;17;22;5;0;
7650332;34;14;9;0;
7650332;64;24;4;0;
7650332;65;12;1;0;
2649476;69;9;12;10;
2649476;70;10;3;2;
2649476;71;2;20;19;
2649476;72;10;8;4;
9195023;56;21;17;12;
9195023;58;23;18;5;
9195023;64;18;10;10;
9195023;66;27;2;2;
3935690;8;30;3;0;
3935690;27;18;11;0;
3935690;51;21;19;0;
3935690;54;13;20;0;
9172543;9;13;1;0;
9172543;42;18;2;0;
9172543;53;24;5;0;
9172543;56;21;5;0;
9172543;72;26;13;0;
5254090;3;23;17;17;
5254090;18;29;18;18;
5254090;23;19;8;8;
621470;30;25;2;0;
621470;41;27;7;0;
621470;45;19;17;0;
1994614;51;11;16;4;
1994614;62;26;15;15;
1994614;65;16;19;4;
4957440;31;4;10;10;
4957440;71;2;5;5;
9594036;63;5;7;0;
809908;68;14;6;3;
3836406;13;26;18;0;
6280881;68;6;3;0;
6280881;71;8;6;0;
5320373;22;30;20;0;
5320373;25;11;4;0;
5320373;35;17;17;0;
5320373;66;27;5;0;
3310876;38;10;2;2;
3310876;56;4;4;2;
3310876;72;5;4;1;
236826;67;8;2;0;
5139765;13;6;6;0;
9697749;19;12;8;0;
9697749;46;23;16;0;
9697749;54;27;20;0;
9697749;69;25;7;0;
9697749;71;30;14;0;
8041497;35;5;15;0;
8041497;58;3;1;0;
7168842;10;30;11;0;
7168842;22;29;5;0;
7168842;42;11;6;0;
7168842;45;26;6;0;
2444452;54;29;19;14;
2444452;57;21;17;9;
2444452;62;21;14;14;
2444452;64;15;4;3;
2038281;27;21;6;0;
2038281;28;20;12;0;
2038281;35;26;9;0;
2038281;37;28;4;0;
8992111;12;13;7;0;
8992111;19;27;3;0;
8992111;30;14;20;0;
8992111;36;16;16;0;
2140492;58;9;20;0;
9787525;11;12;6;6;
9787525;31;15;17;17;
9787525;44;28;8;8;
5652709;53;19;2;0;
7736782;55;15;18;18;
7736782;61;16;15;15;
7973228;67;6;4;4;
7973228;70;2;18;18;
7973228;72;2;17;17;
5689446;6;29;14;0;
5689446;54;25;17;0;
9107562;3;25;8;0;
9107562;21;14;13;0;
9107562;47;13;18;0;
85102;14;7;17;17;
85102;16;4;12;12;
85102;32;4;11;11;
85102;47;10;4;4;
85102;68;7;16;16;
9056609;3;17;14;0;
9056609;7;17;18;0;
9056609;11;19;10;0;
9056609;48;24;19;0;
7605450;67;9;6;0;
7605450;68;6;16;0;
295060;51;30;1;0;
295060;54;14;8;0;
295060;58;28;20;0;
295060;63;29;7;0;
3151279;13;7;3;0;
3151279;37;3;15;0;
3151279;53;1;12;0;
3151279;65;6;1;0;
3151279;71;8;4;0;
3569530;2;15;20;20;
3569530;39;25;4;4;
4580849;31;26;19;16;
4580849;34;18;14;14;
4580849;64;30;5;5;
9967208;15;25;2;0;
9967208;19;14;4;0;
9967208;61;26;3;0;
1325127;48;26;19;19;
1325127;51;11;15;15;
1325127;57;26;17;17;
2013269;32;30;17;0;
2013269;45;11;17;0;
1176769;69;10;9;0;
6036303;58;20;15;10;
6036303;61;13;11;1;
4715069;67;8;13;0;
4715069;70;1;3;0;
4715069;71;4;11;0;
7403485;53;11;5;5;
7403485;54;14;19;13;
7403485;61;18;11;1;
1849883;71;8;2;0;
1849883;72;5;15;0;
1202835;30;29;16;0;
4952629;10;27;10;0;
4952629;18;30;4;0;
4952629;68;22;12;0;
6302869;51;13;16;0;
6302869;56;14;6;0;
6302869;63;14;1;0;
6302869;64;11;5;0;
7189976;38;10;7;0;
7189976;42;1;17;0;
7189976;71;2;18;0;
3154519;35;30;7;6;
3154519;43;12;6;1;
2684525;65;8;10;0;
1802616;53;24;10;0;
1802616;54;20;8;0;
1802616;55;20;1;0;
1802616;58;26;1;0;
4136377;5;29;7;0;
4136377;6;12;10;0;
4136377;17;12;14;0;
4136377;36;13;19;0;
4136377;48;21;3;0;
1201544;9;9;9;0;
1201544;22;8;8;0;
1201544;29;7;8;0;
1201544;72;3;12;0;
6371218;72;4;6;0;
6388102;31;18;8;7;
6388102;34;29;20;15;
6388102;39;29;6;5;
6388102;54;20;6;5;
4236521;20;8;11;0;
4236521;31;10;7;0;
4236521;67;2;6;0;
2739065;14;12;5;0;
6459258;1;30;14;14;
6459258;38;26;2;2;
6459258;48;11;6;6;
552672;29;7;14;0;
552672;32;6;1;0;
552672;50;10;17;0;
552672;63;10;10;0;
1044402;6;21;5;5;
1044402;7;15;9;9;
1044402;11;24;6;6;
2687177;3;27;6;0;
2687177;8;15;19;0;
2687177;32;12;16;0;
2687177;44;27;6;0;
2687177;60;22;12;0;
5984627;42;20;9;0;
2262753;25;5;10;0;
2262753;46;3;15;0;
1259464;1;14;12;0;
1259464;54;16;10;0;
3181455;9;22;12;12;
3181455;19;19;8;8;
3181455;57;17;3;3;
6425107;44;8;2;1;
4612858;4;18;17;10;
4612858;25;30;10;5;
4612858;41;30;11;10;
4612858;44;28;9;7;
2110902;57;19;10;10;
2110902;63;17;7;7;
2110902;65;16;7;7;
2110902;66;28;11;11;
5052454;54;20;11;0;
5420787;71;2;8;8;
5420787;72;5;7;7;
3339246;68;7;18;0;
9441846;55;25;11;5;
9441846;59;14;5;2;
6303319;13;18;11;11;
6303319;32;30;1;1;
6303319;37;25;8;8;
6303319;58;11;8;8;
8876023;12;24;9;9;
4973730;7;16;14;0;
4973730;19;14;18;0;
9654347;68;7;2;1;
8911204;25;16;5;5;
8911204;26;29;19;19;
8911204;34;23;7;7;
8911204;42;28;17;17;
8911204;47;25;2;2;
6269222;12;20;12;0;
6269222;38;14;12;0;
6269222;57;18;12;0;
6269222;63;13;13;0;
1898189;12;2;7;0;
1898189;65;6;1;0;
1898189;70;5;18;0;
521445;9;22;10;10;
521445;66;21;10;10;
7009103;67;2;2;0;
7009103;71;2;14;0;
5495560;58;13;8;0;
5495560;59;21;17;0;
6097978;9;17;9;9;
6097978;43;27;18;18;
6097978;51;11;16;16;
6097978;56;15;9;9;
5759654;69;7;17;0;
5759654;70;5;6;0;
7254013;23;14;7;0;
7254013;49;22;4;0;
7254013;51;19;11;0;
7254013;61;24;18;0;
7254013;70;18;11;0;
34150;2;13;3;1;
34150;9;14;8;2;
34150;19;19;4;3;
34150;33;11;16;15;
4564766;70;3;16;15;
4564766;72;2;9;1;
2484872;14;2;4;0;
2484872;52;9;10;0;
543155;1;6;4;0;
543155;35;9;8;0;
543155;65;7;15;0;
543155;66;6;10;0;
1571502;60;29;15;0;
1571502;63;26;9;0;
1299049;12;26;16;5;
1299049;45;12;3;3;
1299049;59;27;8;1;
1299049;68;29;13;6;
6805391;35;23;10;0;
6805391;38;25;8;0;
6805391;49;13;11;0;
6805391;67;25;6;0;
7475885;2;16;4;0;
7475885;48;24;17;0;
6308236;70;9;4;0;
6308236;72;3;4;0;
9012015;67;1;19;9;
9012015;68;9;19;11;
9012015;72;6;1;1;
7422218;51;15;16;15;
7422218;56;18;16;14;
7422218;66;25;5;3;
3164251;63;17;11;11;
3164251;65;24;20;20;
4759889;9;9;3;0;
9866996;3;16;13;13;
9866996;7;22;19;19;
9866996;67;23;2;2;
8703469;14;25;19;0;
8703469;40;23;19;0;
8703469;56;25;17;0;
8703469;57;14;19;0;
8703469;62;27;10;0;
1778761;51;11;16;0;
1778761;55;28;1;0;
1778761;60;22;11;0;
1778761;64;25;2;0;
1778761;65;13;17;0;
5515738;32;21;18;0;
5515738;44;15;3;0;
5515738;46;18;14;0;
5515738;68;15;11;0;
7971127;9;7;11;0;
7971127;41;1;12;0;
6735166;7;12;13;0;
6735166;49;24;18;0;
1870221;52;22;17;0;
1870221;55;23;11;0;
3512274;6;29;19;0;
3512274;16;19;13;0;
3512274;49;20;15;0;
3512274;52;18;14;0;
3512274;61;18;12;0;
354205;27;28;17;0;
354205;30;13;10;0;
1127524;57;24;14;10;
803574;3;10;17;17;
908198;51;21;8;0;
908198;54;11;11;0;
908198;56;18;2;0;
908198;63;26;5;0;
908198;65;19;8;0;
3682337;3;15;6;0;
3682337;49;19;15;0;
3682337;52;16;5;0;
3682337;65;21;16;0;
3682337;72;27;7;0;
6577182;53;30;8;8;
6577182;58;29;4;4;
6577182;59;20;12;12;
6577182;65;11;13;13;
1306512;2;8;18;18;
1306512;9;1;12;12;
1306512;42;5;13;13;
2807990;61;20;6;6;
6202087;37;13;8;0;
6202087;61;15;16;0;
6202087;65;18;7;0;
5921829;25;24;10;7;
4917549;51;28;1;0;
2718078;2;8;17;0;
2718078;24;3;6;0;
2718078;26;4;17;0;
6950107;15;17;16;0;
6950107;50;12;19;0;
237348;35;11;16;0;
237348;36;24;1;0;
237348;52;29;8;0;
237348;57;11;5;0;
237348;65;13;5;0;
472022;51;23;15;0;
472022;57;13;6;0;
5700052;67;1;17;0;
5700052;70;1;3;0;
5700052;71;3;13;0;
8476754;26;3;16;16;
8476754;37;4;8;8;
8476754;62;2;2;2;
8476754;70;10;8;8;
4608843;72;7;15;0;
2916346;33;28;2;0;
2916346;35;22;9;0;
2916346;53;18;3;0;
2916346;61;24;8;0;
6121387;68;24;5;0;
5421114;5;30;14;0;
5421114;14;18;2;0;
5421114;18;13;9;0;
7582305;53;19;15;0;
4663666;29;8;10;1;
4257123;69;2;14;10;
4257123;71;9;11;6;
4257123;72;9;14;1;
2869951;8;24;13;0;
2869951;24;12;1;0;
2869951;72;18;17;0;
6838694;61;24;19;19;
6838694;63;23;5;5;
6838694;65;14;6;6;
6838694;66;26;8;8;
1046911;10;9;19;0;
1046911;48;1;9;0;
1046911;65;4;13;0;
1046911;66;1;15;0;
1046911;68;8;6;0;
3402358;10;23;4;0;
3402358;35;14;13;0;
5365405;2;14;5;0;
5365405;8;14;1;0;
3782663;5;21;2;2;
3782663;8;18;7;7;
3782663;13;15;14;14;
3782663;19;13;12;12;
3782663;35;18;9;9;
4274417;19;18;4;0;
3557374;38;14;3;0;
3557374;61;20;20;0;
4142085;2;19;4;3;
4142085;3;18;1;1;
4142085;16;14;17;16;
4142085;37;30;20;20;
2322845;69;8;2;0;
6699115;17;19;20;0;
6699115;32;26;13;0;
705126;7;2;6;0;
7463031;1;1;8;0;
7463031;23;10;4;0;
7463031;49;3;2;0;
7463031;50;7;2;0;
7463031;62;3;18;0;
9908413;21;18;1;0;
9908413;42;14;20;0;
8563957;27;25;5;0;
8563957;28;12;16;0;
8563957;50;22;18;0;
3683446;58;18;14;14;
3683446;59;13;2;2;
3683446;62;14;2;2;
6002787;14;15;8;0;
6002787;33;28;7;0;
6002787;43;26;19;0;
6002787;60;16;19;0;
6035568;19;27;2;0;
6035568;23;19;9;0;
6035568;38;15;12;0;
6035568;40;27;9;0;
6035568;43;28;1;0;
3803791;3;2;5;5;
3803791;14;7;3;3;
3803791;52;6;12;12;
3803791;66;1;5;5;
3803791;68;3;16;16;
3719801;60;28;3;0;
3719801;62;23;4;0;
7660105;69;1;15;15;
7660105;70;7;7;7;
7660105;71;4;10;10;
5616143;26;1;6;6;
5616143;35;10;15;15;
5616143;47;8;9;9;
5616143;48;4;17;17;
1551543;21;17;3;1;
1551543;49;12;1;1;
1551543;67;25;8;7;
7230276;15;30;2;2;
7230276;21;20;4;4;
7230276;23;11;17;17;
7230276;47;20;15;15;
7230276;48;27;6;6;
6840190;16;7;13;9;
6840190;20;8;14;1;
6840190;27;3;1;1;
6840190;71;7;8;5;
9078288;68;1;6;6;
9078288;71;9;16;16;
9078288;72;7;17;17;
936160;67;9;3;0;
936160;70;3;20;0;
936160;72;8;5;0;
9231713;59;15;14;0;
8307351;1;18;7;0;
8307351;6;24;7;0;
8307351;7;18;12;0;
8307351;34;11;15;0;
8307351;35;12;15;0;
4653641;43;30;1;0;
7464184;9;22;11;0;
7464184;15;25;3;0;
7464184;21;18;7;0;
7464184;32;23;6;0;
7464184;46;12;9;0;
5201269;2;21;14;0;
5201269;19;11;5;0;
5201269;24;30;19;0;
5201269;27;27;8;0;
1288333;8;18;12;0;
1288333;10;17;8;0;
1288333;31;25;9;0;
1288333;40;13;10;0;
3685972;70;3;12;0;
9649898;7;1;7;0;
9649898;41;1;10;0;
9649898;48;1;11;0;
9649898;59;5;4;0;
4477932;71;4;10;0;
1500429;27;18;5;0;
1500429;41;27;12;0;
1500429;54;14;5;0;
7896891;5;27;19;0;
9637781;72;3;9;0;
9155604;62;9;8;0;
9155604;66;7;6;0;
9484539;38;9;13;2;
9484539;41;10;20;11;
9484539;51;4;19;7;
9484539;72;6;10;2;
8409449;67;10;1;0;
8409449;68;7;12;0;
8409449;70;9;11;0;
8409449;71;5;11;0;
9368428;4;11;19;19;
9368428;11;23;13;13;
9368428;16;13;1;1;
9368428;17;20;6;6;
9368428;29;13;17;17;
9240908;10;28;18;0;
1694659;10;16;12;0;
4606520;67;6;20;20;
7022376;7;28;19;0;
7022376;37;20;12;0;
7022376;53;21;9;0;
7022376;61;28;17;0;
7022376;63;26;8;0;
4393419;64;30;8;0;
4393419;67;15;16;0;
4393419;68;14;14;0;
6047433;68;3;10;10;
8789005;31;27;13;13;
8789005;34;14;19;19;
9129585;12;10;14;14;
620313;37;30;12;0;
6334755;19;10;19;0;
6334755;58;1;6;0;
3999808;23;12;20;20;
3999808;32;25;7;7;
3999808;34;20;16;16;
3999808;43;21;15;15;
8925970;21;29;17;0;
8925970;32;28;11;0;
8925970;41;27;1;0;
8925970;49;19;13;0;
8925970;62;16;12;0;
270364;15;2;11;0;
3328763;6;23;14;0;
3328763;26;11;17;0;
3328763;28;17;18;0;
3328763;37;18;7;0;
3328763;49;26;20;0;
3002345;53;16;19;0;
3002345;56;12;14;0;
3002345;60;16;13;0;
3002345;63;25;17;0;
750118;50;16;16;6;
1823800;70;4;5;0;
1823800;72;3;7;0;
4967549;70;9;6;0;
4967549;72;8;20;0;
4922283;70;8;7;7;
7343455;57;22;14;14;
7984660;38;10;10;0;
7984660;39;3;18;0;
7984660;63;9;16;0;
2663747;19;24;10;10;
2663747;30;29;8;8;
2663747;31;22;16;16;
2663747;65;27;2;2;
2663747;66;21;17;17;
4151443;14;7;14;0;
4151443;17;6;17;0;
4151443;24;3;13;0;
4151443;46;3;2;0;
9739661;32;26;11;0;
4159866;71;10;18;0;
2967595;61;14;20;20;
4374999;4;19;9;0;
4374999;23;28;6;0;
4374999;40;14;20;0;
3931578;22;10;11;0;
3931578;61;6;9;0;
3931578;71;7;8;0;
9374152;63;28;10;0;
6476358;5;14;14;14;
6476358;8;28;15;15;
6476358;18;13;6;6;
6476358;20;23;3;3;
6476358;32;25;1;1;
5878337;12;27;19;0;
5878337;20;13;12;0;
5878337;49;28;9;0;
3451693;10;24;20;0;
3451693;40;25;18;0;
1637938;69;8;15;0;
8067308;13;15;5;0;
8067308;14;21;20;0;
9283953;62;28;1;0;
9187435;2;14;10;8;
9187435;6;22;19;10;
9187435;22;26;18;9;
9187435;26;15;8;8;
9187435;38;19;13;3;
7363721;68;6;2;1;
7363721;69;9;14;8;
5783195;2;28;5;0;
5783195;45;25;12;0;
9897973;54;23;10;0;
1678509;19;28;8;0;
1678509;24;28;13;0;
1678509;31;23;19;0;
1678509;35;15;7;0;
1678509;64;29;8;0;
4765930;69;7;11;11;
8990977;69;7;20;20;
8990977;71;10;3;3;
1804343;9;26;2;0;
1804343;22;15;19;0;
1804343;36;19;3;0;
5843582;67;8;9;0;
5843582;68;2;16;0;
5843582;69;8;10;0;
5843582;71;9;7;0;
2358940;28;10;6;0;
2358940;31;4;19;0;
2358940;33;8;1;0;
2358940;34;6;19;0;
2358940;53;6;11;0;
9221561;71;3;12;0;
9221561;72;6;19;0;
1279130;20;13;14;0;
1279130;33;30;8;0;
1279130;36;21;13;0;
1279130;55;26;18;0;
7724741;9;22;17;0;
7724741;43;24;7;0;
9884741;5;12;11;0;
9884741;68;24;6;0;
9372039;42;4;3;1;
9372039;46;3;16;3;
9372039;58;6;2;2;
7998922;25;3;15;0;
5106119;11;12;18;0;
5106119;30;27;10;0;
6154118;5;10;13;13;
5877787;3;21;4;3;
5877787;5;16;14;9;
5877787;25;28;6;1;
5877787;26;21;13;10;
5877787;31;12;14;12;
2544284;3;1;12;0;
2544284;34;2;11;0;
2544284;46;5;7;0;
2544284;47;2;6;0;
2544284;66;4;12;0;
5943774;2;2;5;0;
5943774;33;9;5;0;
5943774;62;8;11;0;
5943774;65;4;1;0;
5107980;10;27;10;0;
5107980;16;27;9;0;
5107980;22;18;20;0;
5107980;40;13;20;0;
5328221;53;19;1;0;
5328221;54;24;8;0;
5328221;57;29;14;0;
5328221;62;20;7;0;
6042035;51;29;18;0;
3453700;19;20;3;0;
3453700;40;16;19;0;
3453700;46;17;13;0;
3453700;49;25;15;0;
5429310;16;16;9;9;
5429310;37;30;17;17;
5429310;41;26;9;9;
5429310;49;23;6;6;
2277105;52;28;11;5;
2277105;53;28;7;3;
2277105;54;24;5;5;
2277105;55;12;20;11;
9094730;35;14;3;1;
9094730;37;15;10;1;
9094730;63;12;15;11;
9094730;68;14;18;6;
880697;37;30;11;0;
880697;64;16;12;0;
1906202;12;14;11;0;
1906202;19;17;9;0;
1906202;22;13;1;0;
1906202;35;15;1;0;
1906202;36;27;18;0;
7293212;12;18;10;0;
7293212;65;26;14;0;
2438028;21;27;2;0;
2438028;27;13;5;0;
2438028;40;25;1;0;
2438028;50;26;6;0;
2438028;58;11;7;0;
4756232;42;15;18;0;
4756232;55;24;5;0;
3263968;12;13;6;0;
3263968;19;23;5;0;
3263968;45;26;5;0;
9895903;13;12;9;0;
9895903;25;16;7;0;
9895903;28;18;7;0;
9895903;55;11;17;0;
6169651;26;11;16;16;
6945623;30;20;18;0;
6945623;36;11;18;0;
1287614;54;19;6;0;
1287614;60;11;11;0;
8371639;26;10;7;7;
4194041;9;13;15;0;
4194041;52;30;15;0;
1120817;1;19;17;0;
1120817;12;22;4;0;
1120817;21;23;4;0;
1120817;47;17;2;0;
9735392;60;26;10;0;
379336;3;24;10;4;
379336;4;12;14;8;
379336;16;27;5;1;
379336;47;22;9;1;
379336;55;19;5;3;
7472239;53;18;7;0;
7472239;55;25;14;0;
7472239;61;12;9;0;
7472239;64;13;7;0;
1336533;14;25;9;0;
1336533;16;17;3;0;
8309581;25;5;16;13;
8309581;29;4;14;5;
8309581;49;9;13;9;
8309581;64;3;10;9;
1011290;15;22;1;1;
1011290;20;11;12;12;
1011290;26;12;15;5;
1011290;35;20;4;2;
5771500;72;7;1;0;
4344255;68;5;6;0;
4344255;69;6;17;0;
4344255;70;6;5;0;
4344255;72;5;13;0;
2371154;20;25;5;0;
2371154;25;11;5;0;
2371154;46;24;11;0;
332173;4;17;3;0;
332173;9;14;14;0;
7977019;68;13;14;0;
5460959;51;1;8;3;
7206566;52;13;14;0;
7206566;58;27;4;0;
7206566;62;18;9;0;
9969250;67;4;1;0;
9969250;68;3;8;0;
9969250;69;2;9;0;
9969250;72;3;7;0;
9922618;23;19;17;0;
9922618;28;22;10;0;
1715489;46;7;19;0;
41827;69;1;15;0;
41827;70;2;7;0;
41827;72;3;11;0;
6315595;25;29;1;1;
1717813;8;11;13;8;
1717813;51;25;10;1;
7020439;54;28;6;4;
7020439;55;12;19;9;
8106414;5;20;9;0;
866768;11;12;11;0;
3859470;37;2;8;0;
3859470;50;9;8;0;
3859470;70;5;2;0;
2133496;56;14;10;10;
2133496;61;21;1;1;
2133496;62;11;6;6;
7638834;3;20;1;0;
7638834;50;16;19;0;
9300239;2;2;10;10;
9300239;12;10;2;2;
9300239;49;10;7;7;
9300239;55;8;2;2;
9949427;68;7;1;1;
9949427;70;1;3;2;
9949427;71;7;8;6;
321352;12;29;9;0;
321352;22;27;11;0;
2101947;9;13;7;0;
7610959;15;25;17;10;
6545210;59;16;18;0;
6545210;66;14;9;0;
5475449;68;1;12;0;
9950953;1;14;14;0;
9950953;7;12;17;0;
9950953;11;20;18;0;
9950953;20;30;15;0;
9950953;26;18;12;0;
6984083;14;18;19;0;
9336753;10;17;3;3;
9336753;13;14;8;8;
9336753;24;22;8;8;
730398;1;26;8;0;
730398;13;29;20;0;
730398;21;16;9;0;
730398;43;22;17;0;
7393501;52;23;4;0;
7393501;56;14;19;0;
7393501;61;13;3;0;
7393501;63;11;17;0;
9244354;55;19;7;7;
5489221;53;20;17;0;
5489221;61;19;7;0;
5489221;62;22;3;0;
5489221;63;26;2;0;
5489221;64;17;1;0;
7680576;58;3;7;0;
7230278;19;16;11;0;
7230278;20;21;14;0;
7230278;49;22;14;0;
2839624;41;3;2;1;
5084228;5;22;12;0;
5084228;17;17;10;0;
5084228;44;29;12;0;
2005449;70;4;15;15;
2005449;71;8;7;7;
2005449;72;10;7;7;
8395553;52;14;9;0;
8395553;53;22;6;0;
8395553;58;12;1;0;
8395553;65;27;10;0;
5195644;1;25;1;1;
5195644;10;11;14;12;
5195644;17;30;17;14;
5195644;35;17;16;9;
5195644;38;20;16;1;
3068640;37;28;12;12;
3068640;62;30;15;15;
8032860;11;3;10;10;
8032860;49;8;2;2;
8195800;67;2;2;2;
8195800;72;7;2;2;
7608452;54;28;8;0;
7608452;63;23;18;0;
721803;20;18;5;0;
919188;3;11;9;9;
919188;26;13;18;18;
919188;28;27;10;10;
919188;57;14;15;15;
3242537;4;30;4;4;
3242537;54;24;10;10;
530898;9;15;19;3;
530898;21;20;8;2;
530898;33;17;8;1;
6418465;72;1;4;4;
465780;31;25;2;0;
465780;32;20;15;0;
465780;51;30;6;0;
465780;72;12;11;0;
2322341;69;12;20;16;
5099448;38;18;1;0;
5099448;60;26;4;0;
5099448;69;19;3;0;
6554739;18;27;3;2;
252336;8;23;14;0;
252336;18;28;10;0;
252336;27;26;20;0;
252336;40;22;17;0;
252336;66;25;18;0;
6245612;29;1;10;0;
6245612;33;7;4;0;
6245612;35;6;4;0;
6245612;53;5;13;0;
2718236;3;24;1;0;
2718236;17;21;19;0;
2718236;41;17;7;0;
2718236;55;17;1;0;
2718236;72;21;3;0;
8205171;52;21;20;5;
7052628;38;22;4;4;
7052628;64;11;18;18;
4761680;35;6;16;16;
4761680;46;1;13;13;
4761680;62;1;17;17;
4761680;68;5;3;3;
4635696;46;22;9;8;
4635696;50;15;4;2;
6692428;41;27;15;0;
9376369;51;12;18;9;
9376369;53;16;16;10;
9376369;62;27;5;2;
1064021;58;21;11;2;
6627231;66;23;10;0;
1142418;46;21;5;0;
1142418;65;26;6;0;
1142418;66;30;7;0;
1142418;72;27;12;0;
1562483;3;19;9;9;
7310092;64;15;14;14;
539616;54;27;3;0;
539616;55;20;18;0;
539616;62;19;9;0;
539616;63;12;10;0;
539616;64;27;13;0;
6439642;54;19;14;14;
436138;22;8;12;10;
436138;26;9;16;11;
7861530;15;5;13;0;
7861530;31;5;20;0;
7861530;57;5;7;0;
7861530;67;9;7;0;
7861530;68;3;1;0;
730112;55;15;4;0;
730112;56;14;8;0;
730112;57;15;18;0;
730112;58;24;10;0;
730112;66;28;18;0;
2344762;29;11;20;20;
4510041;3;30;13;0;
4510041;46;24;17;0;
4510041;51;19;19;0;
2077936;10;30;2;2;
2077936;19;14;10;10;
2077936;49;26;10;10;
7254373;1;6;17;0;
7254373;33;1;1;0;
7254373;34;4;7;0;
7254373;51;6;11;0;
7254373;53;6;6;0;
3280120;14;13;19;0;
3280120;20;15;7;0;
3280120;46;16;2;0;
3280120;48;26;4;0;
2055304;40;3;9;0;
7146446;14;18;3;3;
7146446;27;16;2;2;
7146446;71;20;5;5;
9621725;8;16;18;0;
9621725;13;13;14;0;
9621725;23;17;16;0;
9621725;37;13;9;0;
998602;66;23;3;3;
7470508;55;27;18;6;
7470508;59;19;6;2;
7470508;61;12;4;1;
4986532;23;19;15;15;
4986532;34;11;9;9;
4986532;55;14;2;2;
4590938;19;26;16;3;
4590938;24;18;11;11;
4590938;28;15;12;9;
4590938;36;14;3;1;
4590938;42;30;1;1;
2901067;21;26;15;0;
2901067;26;17;19;0;
2901067;31;13;1;0;
2901067;46;23;18;0;
2901067;69;13;4;0;
9488529;11;20;3;3;
9488529;17;27;3;3;
4092147;64;28;5;0;
4092147;70;19;18;0;
2867583;56;13;12;0;
2867583;57;24;19;0;
2867583;61;17;19;0;
9404128;11;13;8;0;
3799374;24;26;12;0;
3799374;31;16;12;0;
3799374;36;23;2;0;
3799374;47;20;10;0;
2817166;42;25;3;0;
3900723;59;28;20;0;
3900723;62;23;1;0;
3900723;66;27;18;0;
2375808;27;11;14;0;
2375808;29;24;18;0;
2375808;33;18;17;0;
2375808;48;11;20;0;
2375808;50;21;10;0;
1201714;5;23;5;5;
1201714;19;20;19;19;
1201714;47;28;16;16;
64421;7;29;6;0;
64421;18;18;8;0;
64421;20;30;10;0;
64421;44;16;10;0;
64421;70;20;5;0;
6804420;19;27;12;0;
6804420;53;12;19;0;
9667485;3;29;2;2;
9667485;4;26;9;2;
9667485;24;21;4;4;
9667485;27;15;14;4;
9667485;36;20;14;3;
8746250;14;30;19;19;
8746250;19;17;7;7;
8746250;21;17;16;16;
8746250;26;15;18;18;
8746250;67;27;5;5;
2893121;69;9;19;19;
413336;44;1;15;0;
413336;63;6;13;0;
413336;65;6;12;0;
413336;68;10;16;0;
1264385;9;16;8;0;
1264385;16;23;9;0;
1264385;28;17;17;0;
1264385;39;27;10;0;
8034897;58;26;3;3;
8034897;64;11;3;3;
6335721;14;1;5;0;
6335721;36;10;8;0;
6335721;68;3;10;0;
6320736;16;20;5;0;
5577672;66;29;1;0;
272211;69;5;13;0;
3984280;21;4;1;0;
3984280;30;4;2;0;
3984280;51;1;16;0;
3984280;65;6;9;0;
3674326;63;18;10;0;
8033731;68;30;14;14;
9200478;57;17;13;13;
4845748;60;24;11;0;
7629298;19;30;8;0;
5177820;51;11;6;0;
5177820;58;13;1;0;
4749540;17;25;8;8;
4749540;46;17;12;3;
4749540;53;18;9;1;
2135879;57;13;7;7;
629140;31;27;6;0;
629140;47;13;16;0;
629140;55;30;10;0;
2757272;33;23;2;2;
2757272;65;30;8;8;
7283577;7;25;3;3;
7283577;11;20;1;1;
7283577;55;16;7;7;
2542511;29;26;13;13;
2542511;31;16;8;8;
2542511;33;11;2;2;
6699641;20;14;6;0;
6699641;27;15;10;0;
6699641;54;21;3;0;
6699641;64;26;6;0;
6699641;72;20;19;0;
8719094;19;19;12;0;
8719094;64;21;1;0;
867208;4;16;9;9;
4784406;55;13;2;0;
4784406;70;11;3;0;
3005156;26;24;2;0;
3005156;41;30;3;0;
3005156;64;18;15;0;
4518744;71;3;13;0;
1308012;18;16;15;0;
1308012;37;21;15;0;
1308012;49;17;8;0;
1308012;59;27;18;0;
4228215;7;13;11;11;
4228215;22;25;2;2;
4228215;64;22;5;5;
4228215;68;28;13;13;
4228215;71;28;18;18;
5516423;69;6;20;20;
3170323;56;30;10;4;
3170323;59;23;9;4;
3170323;63;28;18;9;
3170323;66;17;8;4;
8658657;37;13;18;0;
8658657;45;17;12;0;
8658657;56;29;4;0;
8658657;63;30;9;0;
1111809;19;23;9;0;
387782;54;25;7;7;
7931845;6;2;17;0;
7931845;10;1;17;0;
7931845;24;2;2;0;
7931845;70;3;13;0;
1949710;10;30;7;0;
1949710;47;15;16;0;
9331561;65;27;3;0;
7033454;10;5;9;0;
7033454;40;8;12;0;
1552702;69;2;15;0;
1552702;71;5;9;0;
2024567;17;5;14;0;
2024567;31;3;13;0;
2024567;46;1;8;0;
2024567;48;1;4;0;
2024567;57;8;7;0;
638228;6;18;10;8;
1932449;64;26;17;17;
7121287;2;17;16;0;
7121287;5;23;8;0;
7121287;12;12;5;0;
7121287;15;30;11;0;
7121287;41;12;11;0;
2777269;60;17;16;0;
2777269;61;12;3;0;
2777269;66;14;4;0;
7168547;71;2;2;0;
7061036;4;20;8;0;
7061036;26;19;20;0;
7061036;33;20;10;0;
7061036;44;14;2;0;
7061036;63;29;3;0;
3959960;67;4;16;0;
3959960;69;5;19;0;
3959960;70;8;20;0;
3959960;72;6;6;0;
8864565;28;24;19;0;
8864565;38;26;19;0;
8864565;39;29;6;0;
8864565;71;24;16;0;
7479362;1;27;6;4;
7479362;19;18;9;1;
7479362;39;28;11;8;
7479362;67;18;20;1;
6384939;72;6;20;4;
7156211;51;24;13;0;
7156211;52;11;12;0;
7156211;54;17;15;0;
7156211;63;17;4;0;
1173456;7;27;2;2;
1173456;11;27;10;10;
1173456;63;15;7;7;
4122314;54;21;16;0;
144;68;10;10;0;
144;69;1;19;0;
144;70;2;8;0;
4472362;67;4;3;0;
4472362;68;7;11;0;
5398265;22;19;10;0;
5398265;50;24;7;0;
9532127;33;25;17;0;
3230939;18;10;11;0;
3230939;30;2;15;0;
3230939;52;3;11;0;
114391;71;3;9;6;
8119891;15;28;11;0;
8119891;19;24;6;0;
8119891;36;23;10;0;
8119891;42;23;13;0;
3644461;53;26;5;0;
3644461;58;30;12;0;
3644461;59;22;8;0;
3644461;64;18;10;0;
3644461;66;30;17;0;
4665451;57;16;19;19;
7494735;52;30;16;12;
652740;2;15;12;0;
652740;25;21;18;0;
652740;34;17;13;0;
652740;42;19;5;0;
652740;43;12;12;0;
5045352;9;1;17;17;
5045352;50;3;1;1;
9251996;16;17;7;0;
9251996;21;11;1;0;
9251996;60;15;15;0;
7135150;60;27;15;0;
6200128;46;3;9;0;
7552390;15;8;15;0;
7552390;40;1;2;0;
7552390;53;1;20;0;
7552390;56;10;20;0;
7552390;65;7;6;0;
573829;51;25;1;0;
3079801;15;8;7;0;
3079801;25;9;5;0;
3079801;43;6;4;0;
3079801;70;3;15;0;
8157879;1;1;18;0;
8157879;16;7;8;0;
8157879;72;9;5;0;
4834341;15;18;5;0;
4834341;21;13;9;0;
4834341;42;22;3;0;
4834341;50;24;16;0;
4834341;55;28;8;0;
5343847;1;21;4;0;
5343847;23;12;19;0;
4116328;20;15;8;0;
4116328;30;30;5;0;
4116328;32;16;3;0;
2714807;52;17;9;9;
2714807;66;16;11;11;
7082230;1;16;2;2;
7082230;4;28;16;5;
7082230;18;20;11;9;
7082230;46;12;11;11;
2788733;1;30;9;0;
2788733;2;22;3;0;
74586;17;25;13;10;
74586;46;25;11;6;
74586;50;17;2;1;
3591794;4;27;8;8;
3591794;19;27;11;11;
3591794;66;30;11;11;
848015;21;24;5;5;
7948260;67;2;9;5;
7948260;68;7;4;1;
7948260;69;6;15;12;
7948260;72;4;7;7;
7577697;18;11;17;0;
7577697;25;11;3;0;
7577697;54;28;6;0;
7577697;64;27;12;0;
7577697;65;23;10;0;
3090650;17;24;17;17;
3090650;30;22;20;20;
3090650;62;12;16;16;
4494055;55;24;8;0;
4494055;56;23;15;0;
4494055;63;11;11;0;
9279027;30;25;11;0;
9279027;72;25;20;0;
3573814;68;7;20;20;
3573814;72;3;16;16;
9852219;1;7;15;0;
9852219;12;2;18;0;
9852219;16;7;8;0;
9852219;25;1;7;0;
6397583;68;4;8;0;
6397583;72;6;7;0;
5367942;55;18;17;16;
5367942;59;25;7;3;
5367942;61;27;1;1;
5367942;63;15;14;13;
502831;13;16;18;2;
502831;14;17;18;9;
502831;20;12;6;2;
502831;64;11;11;6;
9279574;52;26;14;14;
9279574;58;26;8;8;
9279574;59;24;16;16;
9279574;62;17;10;10;
3171295;71;4;3;3;
7109457;53;30;8;0;
7109457;58;26;2;0;
7109457;60;28;18;0;
7109457;62;25;1;0;
7410373;44;27;6;0;
7410373;63;15;18;0;
5233784;3;9;8;0;
5233784;4;8;16;0;
5233784;24;2;7;0;
5233784;34;9;11;0;
5233784;39;1;2;0;
3561351;5;12;4;0;
1958533;30;23;11;0;
1958533;58;18;7;0;
3493825;67;3;4;3;
3493825;72;2;3;1;
407944;7;5;1;0;
407944;34;6;9;0;
407944;40;3;14;0;
407944;51;9;12;0;
407944;60;3;10;0;
8509258;26;2;13;13;
8509258;29;6;2;2;
8509258;32;2;4;4;
8509258;40;6;18;18;
9053895;13;6;2;0;
9053895;23;2;14;0;
9053895;37;2;4;0;
9053895;40;3;19;0;
9053895;71;5;14;0;
2991738;24;1;5;5;
2991738;53;9;20;20;
2991738;62;8;8;8;
3979283;11;7;15;0;
9935106;51;30;20;0;
9935106;52;16;6;0;
2579668;5;15;12;0;
2579668;22;20;15;0;
2579668;48;14;2;0;
2579668;56;23;12;0;
8823166;70;8;17;17;
5608888;29;23;6;0;
5608888;47;24;7;0;
5608888;49;11;13;0;
5608888;53;16;6;0;
2072836;70;9;10;0;
2072836;72;7;12;0;
8836609;67;2;9;6;
8836609;70;4;20;12;
7320570;69;8;14;0;
7320570;72;8;19;0;
3494025;14;20;2;2;
3494025;36;14;7;7;
3494025;37;17;1;1;
3451661;9;24;8;0;
3451661;40;20;10;0;
3451661;51;21;12;0;
3451661;56;23;1;0;
3451661;71;30;19;0;
2205899;39;3;7;0;
2205899;50;7;4;0;
2205899;67;5;17;0;
2205899;71;3;16;0;
7887728;18;25;19;19;
7887728;31;27;9;9;
7887728;44;21;13;13;
7887728;47;24;13;13;
1903299;72;2;18;0;
3505548;11;10;20;0;
3505548;35;6;5;0;
3505548;37;8;15;0;
555072;12;23;10;3;
555072;24;29;15;11;
555072;29;27;10;7;
555072;52;27;12;6;
5253211;11;24;11;11;
5253211;47;25;4;4;
3027750;57;26;8;0;
6803466;18;11;8;0;
6803466;20;26;4;0;
6803466;33;23;20;0;
6803466;65;25;12;0;
7222964;4;23;4;0;
7222964;10;16;11;0;
7222964;15;12;10;0;
7222964;28;29;3;0;
7222964;68;22;18;0;
8442352;5;1;20;0;
8442352;46;9;14;0;
8442352;51;4;6;0;
8442352;52;8;20;0;
8442352;57;4;2;0;
2977171;6;12;10;0;
2977171;17;24;16;0;
2977171;47;19;9;0;
2977171;52;24;5;0;
2977171;72;23;7;0;
551270;7;15;10;0;
3033811;35;4;1;0;
3033811;44;4;19;0;
2384774;6;20;5;4;
2384774;17;30;8;1;
2384774;42;29;20;19;
8562233;4;18;5;5;
8562233;17;26;15;7;
8562233;52;18;15;9;
2257981;67;5;17;0;
2257981;68;3;17;0;
2257981;70;2;18;0;
2257981;71;2;4;0;
6193076;9;29;8;0;
6193076;38;21;9;0;
4210921;10;18;19;2;
4210921;56;28;6;4;
4210921;71;28;14;3;
5123416;30;29;12;0;
5123416;41;17;6;0;
5123416;44;21;8;0;
5306499;22;21;11;5;
5306499;37;26;3;3;
5306499;46;19;10;2;
14660;14;12;12;0;
14660;18;19;18;0;
14660;25;25;9;0;
14660;49;21;13;0;
14660;54;24;9;0;
3232769;10;23;7;7;
3232769;47;19;4;3;
9520395;10;28;5;0;
9520395;35;11;4;0;
9520395;44;12;3;0;
9520395;46;11;3;0;
9520395;62;17;20;0;
5116512;51;26;16;0;
5116512;58;20;5;0;
5116512;63;14;5;0;
7098488;5;11;14;0;
7098488;17;25;15;0;
7098488;34;19;7;0;
7098488;35;22;20;0;
1222547;26;20;18;18;
1222547;56;13;4;4;
1222547;67;17;4;4;
4063290;31;14;10;10;
2158861;57;14;17;13;
2835777;26;4;2;0;
2835777;32;10;13;0;
2835777;57;3;14;0;
1193972;16;1;8;8;
1193972;29;7;14;14;
1193972;44;10;7;7;
1193972;58;5;15;15;
5396326;1;20;18;0;
5396326;19;24;7;0;
5396326;28;28;11;0;
5396326;48;22;5;0;
4987054;10;16;3;3;
4987054;16;11;11;11;
4987054;21;14;12;12;
4987054;24;28;7;7;
4987054;35;26;12;12;
6813994;70;6;7;7;
7597956;39;17;14;0;
6389621;11;27;9;0;
6389621;32;22;5;0;
6389621;68;15;2;0;
6389621;69;21;20;0;
6389621;72;27;19;0;
2389338;52;27;13;0;
1721281;3;30;5;0;
1721281;9;18;5;0;
1721281;33;19;1;0;
3243507;58;14;14;14;
8581991;3;27;6;0;
8581991;14;22;11;0;
8581991;28;15;12;0;
4541920;6;26;16;0;
4541920;23;21;13;0;
4541920;33;12;3;0;
4541920;53;26;18;0;
9804240;53;19;15;15;
9804240;61;30;16;16;
9532759;28;16;16;16;
9995577;13;19;10;3;
9995577;61;27;7;2;
4715360;51;30;12;0;
4715360;52;29;10;0;
4715360;58;17;16;0;
4715360;60;30;15;0;
2623535;8;29;1;1;
4080728;55;26;13;0;
4080728;61;27;5;0;
4080728;66;30;18;0;
2727928;53;11;14;11;
2727928;57;15;4;4;
2727928;64;27;13;4;
2727928;66;24;17;2;
8599339;2;4;13;13;
8599339;29;4;6;6;
8599339;42;2;9;9;
8599339;65;9;2;2;
2266543;59;28;16;16;
2266543;61;17;2;2;
2266543;63;24;18;18;
2266543;64;14;17;17;
8793437;28;26;13;13;
8793437;39;21;12;12;
8793437;59;20;13;13;
7358046;3;20;5;0;
7358046;6;25;2;0;
7358046;12;13;3;0;
7358046;42;14;19;0;
110713;3;30;1;0;
110713;4;21;19;0;
5109949;45;21;1;0;
5109949;50;19;15;0;
3427589;1;25;12;0;
3427589;12;13;11;0;
3427589;18;12;13;0;
3427589;54;26;15;0;
3945277;7;26;5;0;
3945277;29;11;11;0;
3945277;40;27;19;0;
8792605;43;9;18;0;
5190874;54;11;7;0;
5174216;70;5;9;0;
7641234;71;10;8;0;
7641234;72;10;15;0;
6564149;4;22;8;0;
6564149;20;24;10;0;
6564149;31;20;11;0;
6564149;49;20;13;0;
6564149;50;27;10;0;
9348431;18;22;13;4;
9348431;31;12;4;4;
9348431;34;15;14;4;
9348431;54;13;18;16;
6913856;51;15;13;0;
3213085;63;17;9;0;
4354886;3;20;7;7;
4354886;13;27;18;18;
4354886;26;20;3;3;
4354886;41;11;11;11;
4354886;44;15;10;10;
2630825;40;19;20;0;
2630825;45;20;12;0;
4732015;68;4;19;0;
4732015;69;9;1;0;
4732015;71;8;20;0;
4732015;72;9;11;0;
7544895;54;30;16;0;
7544895;58;23;19;0;
7544895;59;28;13;0;
1005373;53;19;19;19;
1005373;59;23;15;15;
749735;67;2;20;0;
749735;70;6;10;0;
749735;71;3;6;0;
3334224;10;28;13;13;
8443596;57;27;3;3;
1242912;17;19;7;0;
1242912;29;29;4;0;
1242912;50;16;6;0;
6469952;20;9;1;0;
6469952;24;6;14;0;
6469952;38;5;11;0;
6469952;47;4;19;0;
7273199;68;1;15;6;
7273199;69;8;13;3;
7273199;70;8;3;1;
7273199;72;8;10;3;
9472759;9;15;5;0;
9472759;30;14;7;0;
9472759;37;16;18;0;
9472759;42;12;4;0;
6426435;68;6;11;8;
6426435;69;7;7;4;
6426435;71;6;14;1;
6816614;60;26;7;7;
6816614;66;22;17;17;
1840644;55;20;9;9;
1840644;57;18;7;7;
1840644;58;29;6;6;
1840644;63;29;9;9;
9904347;10;21;16;0;
9904347;27;23;9;0;
9904347;35;20;5;0;
55006;55;23;11;0;
55006;58;30;18;0;
55006;63;27;5;0;
55006;65;27;19;0;
7802078;7;14;8;0;
7802078;41;26;3;0;
1235727;3;3;5;0;
4325051;21;13;12;12;
4325051;49;19;7;7;
4325051;50;17;4;4;
4325051;52;29;12;12;
4325051;62;17;8;8;
8656865;20;25;3;2;
8656865;35;13;11;8;
8656865;37;26;8;6;
1942912;55;22;10;0;
1942912;62;17;9;0;
3920382;51;23;15;0;
1351558;67;9;11;6;
1351558;68;4;2;2;
1351558;69;2;6;2;
1351558;71;7;20;6;
1181552;38;12;6;0;
1181552;46;15;11;0;
1181552;47;12;16;0;
4866189;67;3;6;6;
4866189;68;5;2;2;
4866189;69;2;12;12;
4866189;72;6;5;5;
7648963;55;16;16;0;
7648963;60;20;17;0;
1109809;49;29;6;6;
991898;67;5;8;0;
3423074;55;22;5;2;
3423074;61;15;9;2;
3423074;63;13;3;3;
2446144;35;27;2;2;
2446144;41;13;7;7;
4083685;19;8;17;0;
6975668;40;18;12;0;
8296427;32;12;1;1;
8296427;54;12;7;7;
8296427;58;11;20;20;
8296427;69;12;10;10;
8861601;36;11;12;12;
805452;68;10;2;0;
805452;69;7;10;0;
805452;70;10;9;0;
605612;35;22;20;20;
605612;39;27;19;19;
8725888;6;20;4;4;
8725888;8;24;14;14;
8725888;34;20;9;9;
8725888;66;24;8;8;
8725888;69;16;14;14;
6155734;3;5;6;0;
6155734;49;6;12;0;
6155734;58;5;7;0;
6155734;64;9;4;0;
7953184;15;23;7;0;
7953184;36;13;3;0;
7953184;42;12;10;0;
7953184;60;24;7;0;
2585977;10;11;7;5;
2585977;39;17;1;1;
2585977;58;28;9;1;
6814267;52;13;3;0;
6814267;56;13;10;0;
6814267;57;13;9;0;
4669796;67;4;13;13;
4669796;71;2;6;6;
7077596;10;5;13;0;
7077596;13;4;9;0;
7077596;32;3;8;0;
7077596;59;8;14;0;
7077596;61;8;19;0;
266485;56;27;1;0;
266485;63;26;5;0;
266485;65;30;7;0;
3800121;49;30;16;16;
3800121;53;18;9;9;
497776;8;20;16;0;
497776;40;12;15;0;
9318820;57;23;17;0;
9318820;60;21;14;0;
9318820;63;24;7;0;
7739879;2;16;11;0;
7739879;30;22;1;0;
7739879;39;19;8;0;
7739879;51;27;2;0;
5956426;13;17;17;0;
5956426;17;17;15;0;
5956426;43;12;7;0;
5956426;50;28;7;0;
5956426;58;21;5;0;
6612039;51;20;8;0;
6612039;53;15;1;0;
6612039;55;17;5;0;
6612039;57;25;10;0;
3865585;6;24;1;1;
3865585;17;28;9;9;
3865585;19;12;14;14;
6001374;8;15;10;0;
6001374;21;16;7;0;
6001374;35;11;14;0;
6001374;44;12;8;0;
6001374;72;12;8;0;
7658140;13;17;16;0;
7658140;14;19;20;0;
7658140;28;18;13;0;
7658140;31;14;7;0;
7658140;46;29;3;0;
363874;68;6;19;19;
363874;72;3;17;17;
5012656;17;17;20;0;
5012656;25;25;1;0;
5012656;27;26;18;0;
5012656;39;17;16;0;
5012656;53;30;7;0;
8559405;68;9;2;2;
8559405;70;10;14;14;
8559405;71;7;2;2;
878567;5;29;11;0;
878567;20;24;8;0;
878567;25;12;19;0;
878567;28;29;15;0;
878567;41;24;16;0;
8000342;2;7;15;0;
6875628;54;25;19;0;
6875628;60;30;6;0;
6875628;61;24;20;0;
1764414;19;25;1;1;
1764414;43;27;14;5;
1764414;53;18;13;7;
3732696;70;5;12;0;
3732696;71;4;16;0;
6862842;5;15;16;0;
6862842;16;11;3;0;
6862842;61;20;17;0;
6862842;72;27;6;0;
8012622;55;20;14;11;
8012622;64;13;16;6;
7342978;12;26;14;0;
7342978;31;25;19;0;
7342978;32;23;7;0;
166235;19;26;6;6;
166235;26;15;16;16;
166235;32;16;17;17;
8711778;8;17;17;17;
8711778;12;23;15;15;
8711778;40;27;5;5;
8711778;57;19;12;12;
5723597;22;10;2;0;
5723597;72;9;1;0;
6918696;13;2;12;0;
6918696;47;6;9;0;
6918696;60;1;13;0;
6918696;62;2;6;0;
3124345;54;30;14;0;
3124345;62;27;18;0;
4438861;6;24;13;13;
6465870;2;29;11;10;
6465870;19;30;7;4;
6465870;50;28;11;6;
6465870;55;26;2;2;
6465870;71;28;1;1;
1665928;42;3;1;0;
1665928;66;9;16;0;
6632989;15;26;8;8;
5131587;17;25;2;0;
4116286;57;27;7;7;
4116286;63;25;4;4;
4116286;65;13;1;1;
3356649;8;23;18;0;
3356649;22;23;15;0;
3356649;35;26;5;0;
3356649;42;12;15;0;
7919567;51;16;12;0;
7919567;54;29;11;0;
7919567;56;14;20;0;
7919567;57;14;16;0;
7919567;60;25;3;0;
8327411;56;30;11;0;
8327411;65;18;20;0;
8327411;66;11;1;0;
6745498;5;11;8;7;
6745498;15;29;11;9;
6745498;17;16;4;4;
6745498;29;28;13;10;
4950161;3;27;4;4;
4950161;8;28;12;12;
4950161;17;21;16;16;
4950161;23;18;1;1;
4950161;58;22;16;16;
4504880;53;16;18;0;
1690022;3;17;8;0;
1690022;22;29;16;0;
1690022;31;25;18;0;
1690022;46;13;12;0;
8268147;4;13;7;0;
8268147;11;18;6;0;
8268147;28;13;12;0;
8268147;60;13;18;0;
8243295;70;2;12;0;
976844;12;22;9;0;
976844;32;26;4;0;
976844;34;24;16;0;
976844;48;18;13;0;
976844;50;25;3;0;
368055;17;6;7;7;
1081191;14;19;2;2;
6995585;6;23;13;0;
6995585;58;11;4;0;
6995585;71;14;11;0;
3745881;33;26;7;0;
563103;31;11;2;0;
563103;43;21;14;0;
3508051;71;4;1;0;
3244560;39;16;5;0;
419759;5;15;8;0;
419759;7;23;11;0;
419759;9;19;20;0;
419759;26;24;18;0;
5341673;14;7;10;0;
8592866;54;28;6;0;
8592866;56;21;20;0;
8592866;65;29;15;0;
8592866;66;27;11;0;
6092516;9;23;17;17;
6092516;66;27;19;19;
2096928;69;1;14;0;
2096928;70;2;6;0;
6532264;67;2;1;0;
6532264;72;4;13;0;
9825904;60;17;4;0;
5666022;68;6;14;0;
5666022;69;7;17;0;
1437129;35;27;14;5;
1437129;43;22;5;1;
1437129;52;16;14;8;
1437129;59;11;20;11;
1437129;66;16;4;4;
6456373;71;2;15;0;
134627;52;28;11;0;
134627;58;20;7;0;
134627;66;11;17;0;
9716757;69;1;15;15;
9716757;70;5;8;8;
9716757;72;2;16;16;
4320691;23;15;2;2;
4320691;58;29;15;15;
4320691;65;11;19;19;
5636369;67;10;19;0;
5636369;70;7;19;0;
3914040;55;12;6;0;
3914040;57;22;1;0;
3914040;61;21;8;0;
3914040;63;17;1;0;
3914040;65;28;13;0;
5362669;53;14;15;15;
8176081;43;4;2;2;
7461437;18;16;12;12;
7461437;19;30;3;3;
7461437;38;14;7;7;
5000587;8;11;1;0;
5000587;10;16;16;0;
5000587;17;24;2;0;
5000587;44;21;11;0;
8795011;64;18;3;3;
8795011;68;30;15;15;
8242909;71;3;17;0;
5724190;12;3;20;0;
5724190;18;7;2;0;
1562962;68;1;6;1;
1008603;41;15;16;0;
8474644;54;16;7;0;
8474644;55;26;10;0;
8474644;58;15;19;0;
8474644;62;30;10;0;
8891509;52;13;13;0;
8891509;60;18;5;0;
8891509;61;17;12;0;
8891509;65;28;11;0;
3156981;4;12;19;19;
3156981;26;27;17;17;
3156981;47;24;12;12;
3156981;56;27;7;7;
2916426;51;12;12;0;
2916426;56;17;4;0;
2916426;62;12;8;0;
2916426;63;30;15;0;
2916426;64;16;5;0;
6320608;67;1;10;0;
1285010;7;29;18;0;
2423047;16;5;15;0;
2423047;19;10;5;0;
2423047;50;8;3;0;
5237429;10;21;10;0;
5237429;31;11;2;0;
939175;29;23;2;0;
7365850;4;17;3;3;
8862949;62;22;6;0;
5274040;68;8;4;0;
5274040;69;6;8;0;
5274040;71;4;17;0;
5274040;72;7;13;0;
2874621;18;6;9;0;
2874621;64;6;19;0;
6139534;2;17;7;0;
9487447;59;29;20;0;
9487447;60;16;4;0;
9487447;62;23;10;0;
9487447;63;18;8;0;
7532880;6;30;10;8;
7532880;16;19;2;2;
7532880;49;11;3;3;
7424556;11;20;1;0;
7424556;54;24;6;0;
7424556;55;21;19;0;
7424556;69;29;1;0;
8693595;14;5;8;0;
8693595;61;2;7;0;
8693595;64;6;13;0;
7880925;16;28;19;0;
7880925;68;12;1;0;
7880925;71;19;14;0;
3352350;1;27;17;0;
3352350;2;19;2;0;
3352350;24;17;10;0;
3352350;58;18;20;0;
7998540;44;2;17;0;
7998540;65;3;9;0;
7998540;71;7;9;0;
1888130;21;28;9;6;
1888130;32;23;1;1;
1888130;36;21;2;2;
1629515;69;1;17;5;
1629515;70;3;12;5;
1629515;71;1;5;3;
8536386;35;7;9;0;
7587478;32;20;1;0;
7587478;70;17;19;0;
8498577;19;19;6;6;
8498577;27;27;16;16;
8498577;43;15;11;4;
6246127;2;25;7;0;
6246127;4;15;4;0;
6246127;15;30;13;0;
6246127;31;11;1;0;
7584711;7;10;5;0;
7584711;49;10;3;0;
7584711;57;2;12;0;
9922969;19;20;6;0;
690929;5;5;4;2;
690929;13;10;13;8;
690929;39;8;14;7;
690929;54;4;1;1;
690929;62;6;15;14;
8740114;4;10;19;0;
8740114;8;1;5;0;
8740114;12;6;9;0;
4665573;18;10;8;0;
4665573;23;2;13;0;
4665573;35;3;14;0;
4665573;36;10;17;0;
4665573;65;6;17;0;
6866903;4;8;11;11;
6866903;6;6;1;1;
6866903;11;3;18;18;
6866903;59;1;8;8;
5755866;5;10;1;1;
5755866;31;4;3;3;
5755866;35;3;4;4;
5755866;54;9;7;7;
8695895;8;26;9;9;
8695895;17;15;11;11;
8695895;35;23;9;9;
8695895;46;23;16;16;
4604705;2;15;13;0;
4604705;10;21;3;0;
4604705;19;17;18;0;
4604705;31;24;11;0;
4604705;59;15;20;0;
995006;21;28;4;0;
995006;34;21;19;0;
995006;36;18;8;0;
1896046;5;29;12;10;
1896046;14;12;9;9;
1896046;21;12;4;2;
1896046;31;22;11;2;
2177600;4;12;9;8;
2177600;46;22;9;5;
2755281;56;12;15;15;
8663334;20;20;8;0;
8663334;27;25;10;0;
8663334;38;26;6;0;
8663334;44;11;2;0;
6845188;54;17;16;0;
6845188;56;14;20;0;
6845188;58;29;8;0;
6845188;61;22;3;0;
6845188;65;28;2;0;
1689125;33;13;16;0;
1689125;45;29;5;0;
462920;5;20;17;17;
462920;20;11;15;15;
462920;65;23;15;15;
462920;71;16;18;18;
4998735;59;6;14;12;
4998735;62;1;7;5;
4998735;66;9;10;10;
3329544;52;25;12;0;
3896687;27;15;19;0;
3896687;62;17;12;0;
5037362;70;4;8;0;
9205771;2;17;2;0;
9205771;5;15;2;0;
9205771;14;26;1;0;
5383064;59;26;11;5;
5383064;61;21;16;15;
5383064;62;28;10;1;
5383064;65;13;17;9;
5383064;66;18;17;11;
8727663;7;14;13;0;
8727663;26;20;7;0;
8727663;38;11;18;0;
7097541;72;2;4;0;
690970;14;30;8;0;
6442133;11;9;13;0;
6442133;13;10;2;0;
6442133;15;1;4;0;
6442133;58;3;11;0;
8757370;69;23;2;0;
7653539;10;30;11;9;
7653539;25;22;16;12;
7653539;26;30;7;4;
1007615;23;7;11;0;
1007615;65;10;17;0;
1007615;68;7;6;0;
2319645;17;7;7;7;
2319645;29;5;17;17;
5123816;54;17;16;0;
5123816;59;21;5;0;
3028410;60;28;3;3;
3028410;64;15;8;8;
3028410;66;18;14;14;
2460819;40;1;9;0;
7304693;53;26;7;4;
7304693;54;26;1;1;
7304693;63;14;18;2;
7304693;65;15;1;1;
1012449;67;1;20;0;
1012449;69;8;4;0;
1012449;70;3;13;0;
1012449;72;1;18;0;
7847989;67;9;14;6;
7847989;69;8;2;2;
7847989;72;7;18;7;
1846069;6;11;18;0;
1846069;26;23;20;0;
1846069;28;12;12;0;
1846069;32;23;14;0;
1846069;48;17;15;0;
4083547;67;2;8;0;
4083547;69;9;17;0;
3942689;52;24;9;1;
3942689;67;11;9;7;
3942689;70;25;11;9;
2467052;55;21;12;0;
2467052;62;11;12;0;
2467052;65;13;5;0;
8709037;7;20;2;0;
8709037;32;26;17;0;
8709037;34;23;14;0;
4050685;67;2;12;0;
4050685;68;6;9;0;
4050685;69;6;4;0;
4050685;70;8;11;0;
4050685;72;4;13;0;
4412390;9;25;17;0;
2930577;13;20;7;7;
2930577;32;24;18;18;
2930577;35;16;19;19;
9618650;5;13;6;6;
9618650;16;24;20;20;
9618650;39;14;6;6;
9618650;55;26;4;4;
9618650;63;27;19;19;
7317997;67;10;19;0;
7317997;69;10;10;0;
7317997;71;1;16;0;
7317997;72;7;4;0;
1501672;62;8;2;0;
1501672;69;5;1;0;
2206428;71;10;8;0;
1304708;70;10;14;0;
1304708;72;9;11;0;
1406822;51;2;3;3;
9684379;68;2;6;3;
9684379;69;9;7;5;
9684379;70;2;5;3;
72748;67;7;11;0;
72748;69;9;8;0;
72748;71;2;10;0;
6121258;67;4;3;0;
6121258;68;4;7;0;
6121258;69;3;3;0;
6121258;71;4;6;0;
6121258;72;2;1;0;
178765;10;8;8;0;
178765;41;6;11;0;
178765;66;8;1;0;
178765;71;7;5;0;
3924993;20;30;6;6;
3924993;21;13;6;6;
3924993;53;19;3;3;
3924993;70;19;9;9;
5975535;3;23;18;3;
5975535;14;21;15;2;
5975535;56;16;17;13;
599188;14;16;15;1;
599188;62;14;7;6;
599188;66;24;18;14;
599188;71;27;5;4;
8458599;57;13;15;0;
8458599;61;15;5;0;
8458599;64;20;5;0;
8458599;65;14;17;0;
2461758;47;5;14;14;
2461758;53;1;14;14;
2461758;72;6;16;16;
5774726;14;9;15;0;
5774726;37;10;10;0;
5774726;39;6;2;0;
5774726;57;1;13;0;
5565707;26;13;12;9;
5565707;29;16;20;5;
5565707;57;12;4;3;
5565707;60;18;1;1;
8545577;67;7;1;0;
8545577;69;9;12;0;
8545577;70;6;18;0;
8545577;72;10;11;0;
9050209;16;18;11;0;
9050209;19;28;2;0;
9050209;22;26;20;0;
9050209;54;12;15;0;
9050209;62;22;18;0;
4788202;60;20;13;13;
1378957;37;26;1;0;
1378957;60;12;10;0;
1378957;64;30;19;0;
1378957;65;12;18;0;
9267711;67;4;5;0;
9267711;69;5;7;0;
9267711;71;4;9;0;
2836788;15;8;16;16;
2836788;48;5;4;4;
6638869;24;12;5;0;
6638869;61;24;13;0;
6638869;71;25;2;0;
6963765;10;6;10;10;
6963765;69;7;2;2;
6963765;70;5;9;9;
4666479;1;8;14;1;
4666479;16;4;5;3;
4666479;49;9;13;4;
6974640;45;17;4;4;
8257065;22;23;10;0;
8257065;25;22;20;0;
8257065;26;24;6;0;
8257065;30;26;2;0;
8257065;52;13;8;0;
4374924;62;12;1;0;
1093809;16;7;8;8;
1093809;40;10;6;6;
1093809;57;1;4;4;
1093809;66;2;5;5;
8727941;25;28;6;6;
8727941;28;27;18;18;
5659551;1;29;7;0;
5659551;5;18;6;0;
5659551;19;16;15;0;
5659551;24;17;20;0;
5659551;56;27;5;0;
5806690;39;20;15;0;
5806690;67;30;5;0;
5806690;72;24;10;0;
8952972;10;18;12;12;
8952972;20;18;20;20;
8952972;24;28;6;6;
8952972;42;21;14;14;
8952972;49;17;20;20;
4571658;10;24;7;1;
4571658;22;12;14;14;
3977388;67;5;14;0;
3977388;68;4;9;0;
3977388;70;5;14;0;
3977388;71;8;8;0;
7856935;16;19;8;8;
7856935;40;28;20;20;
7856935;54;26;11;11;
7186885;2;20;7;7;
7186885;35;25;8;8;
7186885;40;23;10;10;
4210626;8;16;7;7;
1991646;25;11;19;0;
302686;8;11;14;14;
302686;10;16;16;16;
8791159;30;30;15;14;
8791159;44;19;17;7;
8791159;69;14;2;1;
2980387;67;3;15;15;
4928706;22;27;17;15;
4928706;38;22;20;11;
4928706;67;17;19;2;
1457790;50;1;13;0;
890031;33;24;14;0;
890031;41;12;18;0;
1283031;64;16;12;0;
1283031;72;14;19;0;
584194;13;6;18;0;
584194;17;6;20;0;
584194;28;7;13;0;
584194;39;4;2;0;
584194;65;4;8;0;
3314242;5;1;14;0;
3314242;30;10;9;0;
619381;6;3;3;0;
619381;11;1;20;0;
4163282;67;6;10;2;
4163282;71;1;15;7;
4163282;72;1;12;9;
2172862;17;24;3;3;
2172862;24;18;5;5;
2172862;29;21;12;12;
2172862;34;14;4;4;
2172862;48;17;13;13;
2668278;13;7;5;0;
2668278;22;1;18;0;
2668278;49;9;11;0;
4612152;10;15;6;0;
4612152;17;22;10;0;
4612152;57;22;9;0;
4612152;71;23;15;0;
9127989;20;27;16;0;
9127989;42;24;9;0;
8652216;68;9;18;14;
8652216;69;10;3;3;
3960865;3;14;18;9;
3960865;4;17;20;9;
3960865;33;19;8;3;
3960865;42;21;3;3;
3960865;64;16;15;3;
4094643;16;16;13;0;
4094643;18;27;4;0;
4094643;41;17;3;0;
2948929;6;21;16;0;
2948929;52;28;20;0;
9222510;12;9;13;11;
6215245;10;14;12;0;
6215245;32;11;19;0;
6215245;52;30;18;0;
6215245;69;29;15;0;
799977;58;25;13;13;
799977;61;18;14;14;
1112173;4;23;8;2;
1112173;27;14;6;4;
1112173;42;18;4;3;
1112173;72;18;14;13;
6750820;7;21;12;0;
6750820;46;18;8;0;
6750820;58;21;3;0;
6750820;63;16;15;0;
9064873;20;9;14;0;
9064873;59;4;16;0;
6561564;64;2;16;0;
7797310;4;9;2;0;
7797310;31;10;20;0;
7797310;44;9;14;0;
7797310;55;7;9;0;
1474455;69;2;2;2;
1474455;70;4;20;20;
1474455;72;2;8;8;
7989294;20;3;12;0;
7989294;47;4;18;0;
7989294;61;2;10;0;
2116013;67;7;20;0;
2116013;70;2;8;0;
3920777;68;3;15;11;
3920777;69;5;14;2;
9653263;49;28;19;14;
9653263;57;22;17;15;
4065626;47;28;15;0;
4065626;48;12;11;0;
3340415;16;6;1;1;
3340415;70;4;20;20;
6574182;66;25;19;8;
5952017;13;20;19;15;
5952017;14;26;3;3;
5952017;52;20;1;1;
5952017;57;27;5;5;
5952017;70;12;19;3;
3827378;63;12;10;10;
6205336;5;6;11;0;
3387577;17;7;3;3;
2881854;68;6;20;20;
8905745;11;17;9;0;
8905745;19;17;3;0;
8905745;40;28;17;0;
8905745;49;17;12;0;
8905745;56;29;15;0;
9933950;65;15;9;8;
5464464;51;30;14;0;
5464464;55;23;14;0;
5464464;61;23;20;0;
5464464;63;22;3;0;
5464464;66;24;1;0;
2736113;5;21;14;14;
2736113;21;30;13;13;
2736113;25;20;6;6;
1759761;25;12;8;8;
1759761;40;30;18;18;
1759761;51;28;8;8;
7293196;27;1;4;4;
828401;67;2;2;0;
828401;70;7;11;0;
1297135;70;3;5;5;
1297135;71;9;4;4;
1297135;72;5;3;3;
1525350;25;7;10;0;
1525350;43;2;7;0;
1525350;69;9;5;0;
3852477;45;21;2;0;
3852477;49;17;9;0;
3852477;56;16;8;0;
3852477;60;25;5;0;
3852477;71;12;1;0;
237252;22;26;4;0;
237252;31;17;8;0;
237252;33;29;14;0;
237252;34;30;4;0;
2108875;19;9;1;0;
2108875;30;8;20;0;
2108875;44;9;6;0;
2108875;56;4;20;0;
3384372;57;19;5;0;
3384372;64;20;15;0;
9970415;58;23;8;8;
7780271;3;11;5;0;
7780271;9;15;13;0;
7780271;14;27;8;0;
7780271;17;14;8;0;
7780271;42;13;16;0;
8007177;67;7;18;8;
8007177;69;1;4;4;
1299758;36;2;15;15;
1299758;40;1;7;7;
1299758;51;5;19;19;
1299758;63;4;1;1;
311859;15;6;2;2;
6947089;3;4;19;19;
6947089;4;4;10;10;
6947089;8;1;9;9;
6947089;27;6;1;1;
6589615;2;28;20;0;
6589615;7;23;3;0;
6589615;10;21;18;0;
6589615;24;23;16;0;
6726885;70;7;19;0;
6726885;72;9;5;0;
7191884;3;2;17;0;
7191884;8;2;9;0;
7191884;10;7;15;0;
7191884;55;9;2;0;
8639731;11;19;16;16;
5502560;56;25;12;0;
5848197;68;6;13;0;
5848197;69;5;18;0;
785305;53;12;3;0;
9583815;6;8;2;0;
9583815;33;9;1;0;
9583815;39;2;14;0;
9583815;43;9;16;0;
9583815;45;1;13;0;
3346715;45;3;19;19;
6557791;60;25;9;0;
6557791;62;11;5;0;
8037238;53;30;18;0;
8037238;59;24;6;0;
8037238;65;15;3;0;
8037238;66;30;15;0;
8459910;53;30;10;10;
8459910;58;15;8;8;
8459910;62;19;16;16;
8459910;63;28;10;10;
8262792;46;19;15;15;
6973736;32;10;13;2;
6973736;62;7;10;9;
3510925;5;13;6;0;
3510925;36;18;15;0;
3510925;46;25;14;0;
3510925;55;19;11;0;
3510925;58;11;3;0;
9246029;28;22;7;7;
9246029;41;13;6;6;
8941808;21;15;12;0;
8941808;49;29;9;0;
4141048;26;1;10;0;
2571688;68;8;18;2;
2571688;70;2;11;9;
2571688;71;5;20;12;
48535;25;6;9;0;
48535;32;5;11;0;
48535;43;2;8;0;
2910434;8;19;8;0;
2910434;34;26;3;0;
2910434;59;21;16;0;
2910434;72;28;8;0;
4971886;22;16;3;0;
4971886;26;20;18;0;
4971886;31;25;18;0;
4971886;40;21;8;0;
11032;8;11;2;0;
11032;13;27;20;0;
11032;22;30;16;0;
11032;26;11;11;0;
4709875;68;10;14;0;
4709875;69;2;3;0;
9517889;5;6;8;8;
9517889;18;9;20;20;
9517889;30;5;1;1;
9517889;63;9;19;19;
9517889;65;1;9;9;
3207096;51;19;10;0;
3207096;54;21;16;0;
3207096;58;16;4;0;
6229919;39;21;14;0;
569558;19;20;3;0;
569558;20;21;7;0;
569558;27;24;9;0;
6596827;16;11;14;14;
6596827;24;25;12;12;
6596827;29;14;17;17;
6596827;41;24;4;4;
4313958;65;23;11;0;
1752341;58;28;9;8;
1752341;59;24;3;2;
1752341;61;24;4;3;
5862030;44;13;18;0;
630759;27;12;2;0;
1454920;51;28;16;0;
1454920;54;17;17;0;
1454920;57;18;18;0;
1454920;62;24;2;0;
7593446;5;13;6;0;
7593446;26;22;19;0;
7593446;46;29;15;0;
190796;60;12;8;0;
8496223;2;26;12;0;
8496223;12;27;20;0;
8496223;36;13;3;0;
8496223;41;19;12;0;
8496223;42;28;20;0;
2775665;20;19;8;8;
2775665;21;30;10;10;
8019877;70;6;13;13;
8019877;71;5;5;5;
2257077;7;30;8;0;
2257077;45;30;3;0;
2257077;69;14;3;0;
4121164;69;2;3;3;
4121164;72;7;13;13;
5938744;10;24;7;0;
5938744;19;16;4;0;
5938744;31;18;14;0;
5938744;50;16;6;0;
2632602;15;26;5;0;
4966261;53;19;12;0;
4966261;54;15;4;0;
3472897;17;22;20;0;
3472897;63;28;14;0;
6058996;12;17;4;0;
6058996;52;30;3;0;
6058996;53;23;13;0;
6058996;71;28;6;0;
576514;67;10;11;0;
1970724;70;20;6;6;
9433144;58;15;20;0;
6169521;54;8;9;0;
6169521;68;6;1;0;
5743123;70;7;14;0;
5743123;72;8;12;0;
8930080;56;29;20;0;
8930080;61;19;5;0;
3359765;54;15;15;13;
3359765;59;24;6;6;
3359765;61;23;11;2;
3359765;62;15;6;5;
8066866;19;19;2;0;
8066866;22;16;4;0;
8066866;47;25;13;0;
8066866;51;16;3;0;
8066866;55;12;18;0;
922929;13;19;5;5;
922929;15;24;8;8;
6676999;31;16;13;0;
6676999;37;17;11;0;
6676999;50;24;18;0;
6676999;67;28;3;0;
8995038;21;28;16;0;
8995038;24;24;17;0;
2258246;34;27;8;0;
2258246;37;30;16;0;
2258246;43;26;20;0;
2258246;55;19;6;0;
2483000;1;3;4;4;
2483000;24;1;8;8;
2483000;27;7;18;18;
2483000;33;7;18;18;
2483000;50;4;9;9;
9261709;21;28;9;9;
9261709;62;24;17;17;
6896024;38;28;1;0;
7253386;9;15;9;9;
7253386;10;15;18;18;
7253386;19;16;6;6;
7253386;20;25;19;19;
7253386;26;26;9;9;
7873356;46;9;16;0;
4720596;56;13;6;0;
4720596;58;30;6;0;
4720596;61;20;10;0;
4720596;65;23;11;0;
7861747;6;26;10;0;
7861747;45;11;19;0;
6291944;71;6;5;0;
4885522;68;1;7;0;
4885522;72;1;7;0;
7557184;31;23;5;0;
1848244;27;12;5;0;
1848244;32;11;20;0;
1848244;40;27;16;0;
1848244;41;22;17;0;
1848244;46;25;16;0;
4297718;12;25;7;7;
4297718;33;27;18;18;
4297718;50;23;2;2;
95814;67;9;8;8;
95814;68;6;16;16;
95814;72;2;14;14;
7627533;68;5;14;0;
7627533;70;7;12;0;
7627533;71;10;10;0;
7627533;72;8;20;0;
6846012;32;28;11;6;
5833667;1;9;5;0;
5833667;3;3;12;0;
5833667;28;1;7;0;
5833667;29;2;6;0;
5833667;34;5;9;0;
5842704;68;1;15;15;
5842704;69;2;20;20;
5842704;70;10;19;19;
5842704;72;7;16;16;
7439862;67;5;15;0;
7439862;68;4;5;0;
7439862;70;8;11;0;
7439862;71;7;16;0;
7439862;72;6;16;0;
1335084;6;20;12;0;
1335084;36;15;4;0;
1335084;66;30;16;0;
617483;56;13;1;0;
617483;57;13;14;0;
617483;62;14;3;0;
8444808;70;5;1;0;
3846275;70;1;14;14;
3846275;72;1;4;4;
3831253;71;4;20;19;
1517982;19;27;4;0;
1517982;44;15;6;0;
1517982;54;21;6;0;
1517982;56;16;18;0;
5308148;53;24;1;0;
5308148;55;15;13;0;
5308148;56;29;1;0;
5308148;66;21;4;0;
6520002;67;8;17;0;
6520002;71;4;14;0;
9806755;68;4;19;19;
9806755;72;9;5;5;
5937464;29;22;1;1;
5937464;61;20;9;8;
5076751;52;20;15;0;
5076751;65;20;15;0;
1734762;3;14;18;18;
1734762;5;19;9;9;
1734762;58;13;10;10;
1734762;64;23;11;11;
7918994;53;13;12;0;
4887590;2;5;11;0;
4887590;67;10;11;0;
4887590;69;6;9;0;
6440014;67;2;16;0;
6440014;70;5;16;0;
2287495;7;6;18;0;
2287495;14;9;14;0;
2287495;39;1;19;0;
2287495;59;10;7;0;
2287495;68;4;19;0;
6884877;67;7;7;4;
6884877;68;7;14;10;
6884877;72;4;10;7;
6432532;53;12;16;16;
6432532;58;27;20;20;
6432532;59;21;11;11;
7894132;53;30;16;16;
7894132;55;24;20;20;
7894132;59;11;9;9;
7894132;63;14;19;19;
1199536;22;28;14;0;
608486;20;25;8;8;
608486;50;27;5;5;
608486;60;14;15;15;
1529282;51;16;5;5;
1529282;52;21;20;11;
1529282;54;11;5;1;
1529282;56;30;7;4;
1529282;60;15;17;10;
8267752;65;10;15;15;
1923628;48;23;7;7;
7491313;1;19;2;2;
7491313;5;28;3;3;
7491313;24;22;4;4;
9662299;2;14;1;1;
9662299;38;27;7;7;
9662299;49;27;18;18;
4621390;16;9;11;0;
4621390;30;4;10;0;
4621390;65;9;19;0;
4621390;68;2;3;0;
6324660;31;23;5;5;
6324660;35;12;12;7;
6324660;41;19;12;1;
9244344;53;15;17;0;
9244344;56;29;10;0;
9244344;59;11;11;0;
9244344;64;23;14;0;
2107340;52;22;19;0;
2107340;58;15;19;0;
1573829;65;17;5;5;
8773424;24;22;13;13;
8773424;26;15;15;15;
8773424;40;26;8;8;
8365760;29;20;14;0;
8365760;33;25;6;0;
8365760;46;21;12;0;
8365760;49;13;18;0;
8365760;50;28;7;0;
5788944;6;19;4;2;
5788944;25;18;20;12;
5788944;42;15;8;1;
5788944;46;30;4;4;
8455405;15;16;16;0;
8455405;17;12;2;0;
8455405;20;28;20;0;
8455405;40;24;7;0;
8455405;44;21;1;0;
1695271;52;25;8;8;
1695271;54;11;20;3;
1695271;55;19;7;1;
4262438;1;19;7;0;
4262438;34;22;17;0;
8021899;21;30;10;9;
8021899;41;29;1;1;
8021899;52;28;15;13;
2757975;20;4;12;12;
2757975;65;6;11;11;
7320056;69;10;10;0;
7320056;72;3;19;0;
8935291;58;23;10;10;
8935291;64;27;4;4;
6955223;7;22;13;13;
6955223;24;25;12;12;
6955223;72;30;15;15;
7290421;57;27;5;5;
7290421;66;22;2;2;
1528108;69;3;4;0;
2260916;67;7;3;3;
5301590;27;24;20;0;
5301590;37;29;4;0;
5301590;39;22;19;0;
164641;70;9;13;0;
164641;72;2;11;0;
5456789;25;18;3;0;
792231;71;2;16;14;
792231;72;9;3;1;
8837355;15;4;3;0;
8837355;52;10;13;0;
8837355;54;7;14;0;
8837355;62;4;7;0;
8837355;72;1;12;0;
7342100;52;12;10;10;
7342100;53;25;8;8;
7342100;55;26;19;19;
7342100;64;18;20;20;
3708405;69;6;14;14;
3708405;72;7;7;7;
4546577;54;16;6;6;
4546577;55;28;1;1;
4546577;63;14;3;3;
4546577;66;23;15;15;
8015522;28;4;19;0;
6877956;1;24;16;16;
6877956;10;21;14;14;
6877956;27;12;7;7;
6877956;30;26;1;1;
6877956;47;17;19;19;
5065640;8;15;2;2;
5065640;34;26;3;3;
5065640;64;28;12;12;
9116144;2;7;13;0;
9116144;10;10;20;0;
9116144;41;1;19;0;
9116144;55;1;9;0;
5732163;23;27;16;16;
5732163;32;22;19;19;
5732163;41;24;3;3;
6161959;50;27;5;4;
9758267;37;7;13;0;
9758267;41;7;6;0;
9758267;49;1;19;0;
9081745;69;8;10;0;
9081745;71;6;10;0;
9081745;72;6;19;0;
5444967;44;4;12;0;
5444967;46;9;6;0;
5444967;67;2;4;0;
5444967;69;10;12;0;
1646415;12;25;16;0;
1646415;66;27;11;0;
4966988;10;30;11;1;
4966988;72;21;6;4;
2257170;18;8;13;13;
2257170;66;7;5;5;
7424289;69;1;4;4;
4995199;45;19;9;0;
4995199;65;27;20;0;
1307507;67;8;4;4;
1307507;71;4;13;13;
7960110;31;13;13;13;
7960110;34;27;19;19;
7960110;49;24;15;15;
7960110;50;28;16;16;
5874548;52;15;8;0;
5874548;57;24;19;0;
5874548;63;18;7;0;
5874548;65;20;18;0;
9378190;16;1;4;3;
2742896;5;21;4;0;
8672222;29;25;3;0;
8672222;56;16;3;0;
8672222;64;16;14;0;
1216393;8;22;17;10;
1216393;41;23;6;1;
3973741;36;3;15;15;
3973741;64;1;14;14;
1031980;7;27;18;18;
1031980;20;26;3;3;
1031980;23;17;9;9;
1031980;46;11;19;19;
1153053;15;9;2;1;
