NUMERO;COD_LOCAL;COD_PRODUCTO;COD_PRESENTACION;CANTIDAD;FECHA;PRECIO;
4249364;179;52;29;11;TO_DATE('2014-02-19','YYYY-MM-DD');231629;
5200889;211;34;19;14;TO_DATE('2014-01-16','YYYY-MM-DD');50512;
2178371;162;21;24;20;TO_DATE('2013-07-21','YYYY-MM-DD');273424;
9837429;163;70;2;7;TO_DATE('2013-06-11','YYYY-MM-DD');188071;
5032997;172;58;13;20;TO_DATE('2013-07-27','YYYY-MM-DD');273533;
3183752;164;6;20;7;TO_DATE('2013-05-04','YYYY-MM-DD');221880;
5372392;170;65;26;9;TO_DATE('2013-10-01','YYYY-MM-DD');212111;
295249;198;71;1;13;TO_DATE('2013-11-12','YYYY-MM-DD');265612;
8782649;185;53;26;14;TO_DATE('2013-08-08','YYYY-MM-DD');118153;
748205;200;60;30;6;TO_DATE('2014-01-18','YYYY-MM-DD');96575;
7605870;203;37;12;14;TO_DATE('2013-11-08','YYYY-MM-DD');42972;
4128576;164;1;20;2;TO_DATE('2013-07-04','YYYY-MM-DD');61824;
8539944;190;16;29;13;TO_DATE('2013-04-26','YYYY-MM-DD');227941;
5235145;186;67;4;7;TO_DATE('2013-10-22','YYYY-MM-DD');143402;
3304199;166;68;5;9;TO_DATE('2014-03-29','YYYY-MM-DD');61130;
8627425;190;12;14;20;TO_DATE('2013-04-25','YYYY-MM-DD');206905;
824067;181;68;5;6;TO_DATE('2013-06-24','YYYY-MM-DD');216483;
7149037;183;8;23;15;TO_DATE('2013-05-10','YYYY-MM-DD');266703;
6065261;175;68;1;4;TO_DATE('2013-08-04','YYYY-MM-DD');138361;
5411795;194;24;21;3;TO_DATE('2014-02-01','YYYY-MM-DD');282446;
228684;170;57;11;12;TO_DATE('2013-04-17','YYYY-MM-DD');63218;
3967935;166;70;7;1;TO_DATE('2013-12-29','YYYY-MM-DD');244540;
6339824;185;66;21;11;TO_DATE('2013-12-08','YYYY-MM-DD');294323;
1478349;179;55;27;17;TO_DATE('2014-04-07','YYYY-MM-DD');40308;
6040614;204;10;25;12;TO_DATE('2013-12-30','YYYY-MM-DD');278198;
1894579;157;69;10;1;TO_DATE('2013-06-08','YYYY-MM-DD');250183;
7940086;151;1;20;8;TO_DATE('2013-07-30','YYYY-MM-DD');138097;
7575282;191;69;8;16;TO_DATE('2013-10-15','YYYY-MM-DD');230096;
4557602;173;44;22;16;TO_DATE('2013-07-31','YYYY-MM-DD');278756;
6709820;191;67;4;16;TO_DATE('2014-01-04','YYYY-MM-DD');192590;
6989207;187;70;4;5;TO_DATE('2013-12-06','YYYY-MM-DD');267075;
2356828;172;66;14;4;TO_DATE('2013-10-10','YYYY-MM-DD');214628;
5621218;179;52;12;10;TO_DATE('2014-01-27','YYYY-MM-DD');198779;
9857343;159;18;22;17;TO_DATE('2013-07-25','YYYY-MM-DD');142733;
9634437;196;2;28;5;TO_DATE('2013-08-20','YYYY-MM-DD');57370;
1478903;185;58;26;7;TO_DATE('2013-12-10','YYYY-MM-DD');257888;
7494117;200;55;11;9;TO_DATE('2013-07-21','YYYY-MM-DD');277400;
8727529;152;52;13;20;TO_DATE('2013-05-30','YYYY-MM-DD');237643;
4911021;182;55;14;8;TO_DATE('2014-03-05','YYYY-MM-DD');152793;
4925990;191;70;8;7;TO_DATE('2013-11-09','YYYY-MM-DD');20972;
8597649;202;68;9;2;TO_DATE('2014-01-23','YYYY-MM-DD');15254;
7204886;208;72;7;17;TO_DATE('2013-08-11','YYYY-MM-DD');272786;
8756726;157;71;8;11;TO_DATE('2014-02-28','YYYY-MM-DD');29214;
6763022;192;52;15;3;TO_DATE('2013-12-02','YYYY-MM-DD');15428;
7271080;161;72;1;4;TO_DATE('2013-08-13','YYYY-MM-DD');103929;
7898505;210;70;8;13;TO_DATE('2014-01-07','YYYY-MM-DD');143439;
8144884;170;52;11;17;TO_DATE('2013-09-29','YYYY-MM-DD');202352;
3247598;212;7;28;3;TO_DATE('2014-03-01','YYYY-MM-DD');214644;
8649368;167;42;21;3;TO_DATE('2014-02-18','YYYY-MM-DD');89205;
2119928;210;67;9;11;TO_DATE('2013-07-31','YYYY-MM-DD');53117;
6432608;173;11;30;6;TO_DATE('2013-05-27','YYYY-MM-DD');118527;
592865;188;65;14;8;TO_DATE('2013-10-29','YYYY-MM-DD');41419;
7046409;196;6;29;15;TO_DATE('2013-05-14','YYYY-MM-DD');152530;
1479487;154;43;12;3;TO_DATE('2013-10-27','YYYY-MM-DD');121000;
1279090;195;15;29;10;TO_DATE('2014-03-04','YYYY-MM-DD');293859;
3929616;170;57;24;1;TO_DATE('2013-05-27','YYYY-MM-DD');152265;
2747057;183;8;28;5;TO_DATE('2013-07-05','YYYY-MM-DD');181256;
9875314;179;56;27;6;TO_DATE('2013-07-19','YYYY-MM-DD');100225;
3843646;202;72;7;2;TO_DATE('2013-07-19','YYYY-MM-DD');161349;
5660868;211;15;26;10;TO_DATE('2013-05-14','YYYY-MM-DD');272897;
7014387;167;19;11;7;TO_DATE('2013-10-19','YYYY-MM-DD');294613;
7036257;211;23;17;2;TO_DATE('2014-01-04','YYYY-MM-DD');22584;
5457013;203;21;17;1;TO_DATE('2013-07-20','YYYY-MM-DD');141491;
112461;211;17;29;15;TO_DATE('2013-11-13','YYYY-MM-DD');175497;
4021885;161;67;8;8;TO_DATE('2013-09-24','YYYY-MM-DD');82209;
9876772;180;67;10;14;TO_DATE('2013-05-22','YYYY-MM-DD');216627;
8217618;198;70;4;11;TO_DATE('2014-02-16','YYYY-MM-DD');158226;
156833;197;35;28;17;TO_DATE('2014-01-01','YYYY-MM-DD');187168;
3323366;166;67;9;5;TO_DATE('2013-12-28','YYYY-MM-DD');61975;
7986430;200;56;17;7;TO_DATE('2013-05-05','YYYY-MM-DD');117192;
7835186;212;10;19;5;TO_DATE('2014-01-07','YYYY-MM-DD');84662;
2390765;189;67;3;3;TO_DATE('2013-05-17','YYYY-MM-DD');198828;
9312353;184;68;6;4;TO_DATE('2013-12-31','YYYY-MM-DD');138197;
9447520;168;67;10;19;TO_DATE('2013-11-17','YYYY-MM-DD');33324;
657520;211;33;23;10;TO_DATE('2013-12-14','YYYY-MM-DD');61662;
4609032;177;56;11;1;TO_DATE('2013-04-20','YYYY-MM-DD');105410;
1348309;183;36;24;8;TO_DATE('2014-02-22','YYYY-MM-DD');67717;
8271135;192;63;14;1;TO_DATE('2013-04-27','YYYY-MM-DD');178887;
7783232;186;68;4;2;TO_DATE('2013-05-10','YYYY-MM-DD');57460;
1573840;182;65;20;12;TO_DATE('2013-12-06','YYYY-MM-DD');221412;
3259347;169;64;22;13;TO_DATE('2013-04-22','YYYY-MM-DD');88665;
4612948;198;69;6;1;TO_DATE('2014-03-28','YYYY-MM-DD');261500;
841529;188;51;21;13;TO_DATE('2013-09-14','YYYY-MM-DD');90091;
8112431;163;71;1;3;TO_DATE('2013-04-29','YYYY-MM-DD');149033;
931115;171;67;10;20;TO_DATE('2013-06-02','YYYY-MM-DD');158738;
9123592;179;60;28;15;TO_DATE('2013-10-17','YYYY-MM-DD');236722;
7567723;192;57;24;4;TO_DATE('2013-09-03','YYYY-MM-DD');298423;
5736411;155;67;2;6;TO_DATE('2014-03-05','YYYY-MM-DD');21709;
4498085;157;67;6;11;TO_DATE('2013-08-17','YYYY-MM-DD');65890;
5175577;200;56;23;20;TO_DATE('2013-10-01','YYYY-MM-DD');13099;
1174632;151;13;25;2;TO_DATE('2013-09-04','YYYY-MM-DD');145936;
6331040;154;21;27;2;TO_DATE('2014-02-03','YYYY-MM-DD');40127;
3395085;208;68;8;13;TO_DATE('2013-07-01','YYYY-MM-DD');126095;
7547280;200;60;21;11;TO_DATE('2014-03-30','YYYY-MM-DD');268641;
9907014;171;68;10;15;TO_DATE('2013-10-24','YYYY-MM-DD');56878;
1882382;207;13;25;9;TO_DATE('2013-07-21','YYYY-MM-DD');249987;
6140344;159;42;11;19;TO_DATE('2014-03-04','YYYY-MM-DD');118596;
1693265;162;49;24;20;TO_DATE('2014-02-21','YYYY-MM-DD');293136;
5165966;169;56;23;20;TO_DATE('2014-03-23','YYYY-MM-DD');261457;
1468067;191;70;10;5;TO_DATE('2014-02-18','YYYY-MM-DD');272191;
2978772;192;58;12;19;TO_DATE('2013-07-24','YYYY-MM-DD');124361;
6761894;168;68;2;16;TO_DATE('2013-11-26','YYYY-MM-DD');265766;
2332486;163;72;4;12;TO_DATE('2013-11-11','YYYY-MM-DD');253337;
6672951;208;71;3;2;TO_DATE('2013-12-10','YYYY-MM-DD');39811;
8159929;152;65;23;12;TO_DATE('2013-10-14','YYYY-MM-DD');157112;
1844500;185;55;27;10;TO_DATE('2013-09-06','YYYY-MM-DD');134692;
290102;210;69;10;11;TO_DATE('2013-12-22','YYYY-MM-DD');69961;
6655435;188;52;14;18;TO_DATE('2013-10-24','YYYY-MM-DD');38697;
2689202;168;68;4;18;TO_DATE('2014-01-15','YYYY-MM-DD');10041;
8487990;178;36;30;18;TO_DATE('2013-07-23','YYYY-MM-DD');164478;
8485298;180;68;8;9;TO_DATE('2014-01-24','YYYY-MM-DD');23947;
9316173;162;38;26;15;TO_DATE('2013-04-16','YYYY-MM-DD');51156;
1616829;200;55;22;5;TO_DATE('2013-05-08','YYYY-MM-DD');293837;
8696949;166;70;7;5;TO_DATE('2013-05-27','YYYY-MM-DD');221782;
5267689;175;71;8;3;TO_DATE('2014-02-20','YYYY-MM-DD');16023;
2052908;188;60;30;20;TO_DATE('2013-05-18','YYYY-MM-DD');170732;
9413103;200;53;25;2;TO_DATE('2014-02-01','YYYY-MM-DD');184140;
2102607;184;69;7;5;TO_DATE('2013-10-25','YYYY-MM-DD');173804;
6284123;177;60;12;4;TO_DATE('2013-07-05','YYYY-MM-DD');14035;
8617690;200;65;30;17;TO_DATE('2014-02-03','YYYY-MM-DD');30071;
4784608;193;22;30;16;TO_DATE('2014-01-06','YYYY-MM-DD');182814;
8234007;179;59;25;4;TO_DATE('2013-05-19','YYYY-MM-DD');27552;
4087988;192;56;29;20;TO_DATE('2013-07-17','YYYY-MM-DD');193536;
5495676;176;67;9;15;TO_DATE('2014-02-07','YYYY-MM-DD');142410;
1060475;203;45;20;20;TO_DATE('2013-06-23','YYYY-MM-DD');297423;
5698110;181;69;6;18;TO_DATE('2014-01-21','YYYY-MM-DD');285610;
2899281;191;71;3;16;TO_DATE('2013-07-25','YYYY-MM-DD');55661;
4515403;164;23;20;13;TO_DATE('2013-07-16','YYYY-MM-DD');111128;
3632644;200;62;15;16;TO_DATE('2013-06-09','YYYY-MM-DD');18268;
3881401;163;71;1;17;TO_DATE('2013-06-10','YYYY-MM-DD');276480;
1999174;165;68;3;18;TO_DATE('2013-06-10','YYYY-MM-DD');132835;
4916097;156;72;4;3;TO_DATE('2013-07-03','YYYY-MM-DD');244144;
5417742;209;34;24;14;TO_DATE('2013-08-09','YYYY-MM-DD');66082;
1495883;201;20;14;19;TO_DATE('2013-11-26','YYYY-MM-DD');127623;
6726947;166;68;2;4;TO_DATE('2013-12-30','YYYY-MM-DD');273030;
1517368;205;68;10;18;TO_DATE('2014-02-19','YYYY-MM-DD');37695;
9243857;179;62;23;1;TO_DATE('2014-03-02','YYYY-MM-DD');191084;
7840226;196;38;18;7;TO_DATE('2013-08-11','YYYY-MM-DD');55671;
8305062;184;69;4;6;TO_DATE('2013-05-19','YYYY-MM-DD');169368;
7636393;192;55;30;9;TO_DATE('2013-12-31','YYYY-MM-DD');248672;
6000986;193;6;18;14;TO_DATE('2013-11-15','YYYY-MM-DD');271422;
647107;206;31;28;10;TO_DATE('2013-09-05','YYYY-MM-DD');81757;
3589089;160;16;12;10;TO_DATE('2013-12-17','YYYY-MM-DD');184472;
6365439;172;66;17;8;TO_DATE('2014-01-21','YYYY-MM-DD');148806;
7006601;185;51;19;12;TO_DATE('2014-01-31','YYYY-MM-DD');46731;
1871621;210;69;1;11;TO_DATE('2013-04-23','YYYY-MM-DD');16507;
6161908;203;34;30;14;TO_DATE('2013-11-05','YYYY-MM-DD');150206;
4145282;155;70;9;11;TO_DATE('2013-12-11','YYYY-MM-DD');213723;
7231714;152;56;18;19;TO_DATE('2013-11-06','YYYY-MM-DD');121092;
4904515;186;68;4;18;TO_DATE('2013-04-29','YYYY-MM-DD');161488;
2449600;202;69;8;10;TO_DATE('2013-12-12','YYYY-MM-DD');175921;
2763511;165;68;4;7;TO_DATE('2013-11-18','YYYY-MM-DD');177555;
5258193;163;67;10;15;TO_DATE('2013-12-02','YYYY-MM-DD');203572;
4823318;186;70;7;3;TO_DATE('2014-01-03','YYYY-MM-DD');170249;
4084781;179;54;15;16;TO_DATE('2013-08-17','YYYY-MM-DD');169559;
6100328;157;69;4;15;TO_DATE('2013-10-17','YYYY-MM-DD');97431;
8999748;205;68;3;9;TO_DATE('2013-06-28','YYYY-MM-DD');279448;
5100561;164;26;13;18;TO_DATE('2014-01-25','YYYY-MM-DD');75819;
388444;176;72;6;18;TO_DATE('2014-03-30','YYYY-MM-DD');102282;
331497;186;71;3;15;TO_DATE('2014-02-22','YYYY-MM-DD');263541;
5767142;184;67;6;12;TO_DATE('2014-03-15','YYYY-MM-DD');20229;
9672390;170;52;15;4;TO_DATE('2014-03-20','YYYY-MM-DD');242833;
9486292;182;66;29;19;TO_DATE('2013-08-17','YYYY-MM-DD');250931;
8814236;166;71;4;3;TO_DATE('2013-04-20','YYYY-MM-DD');59065;
548653;175;72;8;4;TO_DATE('2013-10-30','YYYY-MM-DD');96901;
4174057;185;59;20;16;TO_DATE('2013-06-30','YYYY-MM-DD');189808;
7091992;165;67;5;3;TO_DATE('2013-06-02','YYYY-MM-DD');234064;
3010961;181;67;5;16;TO_DATE('2013-07-29','YYYY-MM-DD');68176;
8634753;195;43;16;5;TO_DATE('2013-12-14','YYYY-MM-DD');44451;
4858281;173;7;27;3;TO_DATE('2013-12-18','YYYY-MM-DD');133628;
8957185;163;67;7;7;TO_DATE('2013-09-24','YYYY-MM-DD');292023;
547545;159;12;17;1;TO_DATE('2014-03-10','YYYY-MM-DD');286385;
6393509;190;50;23;20;TO_DATE('2013-04-26','YYYY-MM-DD');59615;
1841869;209;12;12;4;TO_DATE('2013-09-22','YYYY-MM-DD');137865;
988420;170;58;14;6;TO_DATE('2013-12-06','YYYY-MM-DD');121838;
9309435;210;68;3;7;TO_DATE('2013-10-25','YYYY-MM-DD');209007;
6519281;172;57;11;4;TO_DATE('2014-02-14','YYYY-MM-DD');61137;
2486796;158;33;20;7;TO_DATE('2013-05-04','YYYY-MM-DD');269564;
5482439;197;44;23;16;TO_DATE('2013-10-16','YYYY-MM-DD');62465;
8736843;165;72;8;8;TO_DATE('2013-07-05','YYYY-MM-DD');56967;
1367598;156;68;9;1;TO_DATE('2014-01-12','YYYY-MM-DD');153280;
8915895;212;42;22;16;TO_DATE('2013-04-17','YYYY-MM-DD');232404;
5028380;204;16;15;5;TO_DATE('2013-06-09','YYYY-MM-DD');149776;
4512537;169;66;17;14;TO_DATE('2013-06-19','YYYY-MM-DD');30652;
8247196;202;72;2;8;TO_DATE('2014-02-16','YYYY-MM-DD');196841;
3469614;190;36;15;3;TO_DATE('2013-06-06','YYYY-MM-DD');139529;
76748;202;68;4;14;TO_DATE('2013-04-25','YYYY-MM-DD');204421;
8061682;202;69;6;4;TO_DATE('2014-02-26','YYYY-MM-DD');122425;
282099;182;55;20;20;TO_DATE('2014-03-21','YYYY-MM-DD');203411;
5652142;203;4;30;17;TO_DATE('2013-07-07','YYYY-MM-DD');104043;
9143016;171;69;3;2;TO_DATE('2013-08-03','YYYY-MM-DD');30721;
7057250;183;32;12;11;TO_DATE('2013-04-26','YYYY-MM-DD');224711;
1811543;156;70;2;13;TO_DATE('2014-02-12','YYYY-MM-DD');100893;
4502483;177;56;20;5;TO_DATE('2013-09-14','YYYY-MM-DD');204129;
7710288;152;63;15;9;TO_DATE('2013-08-09','YYYY-MM-DD');225889;
7898579;177;54;24;17;TO_DATE('2013-05-16','YYYY-MM-DD');294148;
1811528;206;15;30;3;TO_DATE('2014-04-09','YYYY-MM-DD');137246;
9874189;192;66;11;4;TO_DATE('2013-11-14','YYYY-MM-DD');30869;
7185890;190;31;29;4;TO_DATE('2014-02-24','YYYY-MM-DD');42814;
2034390;169;51;16;4;TO_DATE('2013-08-06','YYYY-MM-DD');47603;
1789682;181;67;3;3;TO_DATE('2013-05-02','YYYY-MM-DD');155532;
9398254;163;68;10;12;TO_DATE('2013-10-15','YYYY-MM-DD');298208;
7653853;181;71;4;18;TO_DATE('2013-08-29','YYYY-MM-DD');28159;
1613723;200;64;17;20;TO_DATE('2013-10-09','YYYY-MM-DD');139339;
1830824;176;70;1;4;TO_DATE('2014-02-19','YYYY-MM-DD');218410;
6612601;169;62;30;11;TO_DATE('2013-11-08','YYYY-MM-DD');238030;
8165191;200;61;26;7;TO_DATE('2013-12-24','YYYY-MM-DD');26502;
8916776;173;46;15;7;TO_DATE('2013-12-20','YYYY-MM-DD');257386;
3502900;188;66;16;19;TO_DATE('2013-11-24','YYYY-MM-DD');182666;
4839281;177;63;13;12;TO_DATE('2013-05-06','YYYY-MM-DD');248726;
5727236;183;31;22;3;TO_DATE('2014-02-04','YYYY-MM-DD');88570;
5307320;161;67;3;7;TO_DATE('2013-05-17','YYYY-MM-DD');47429;
1042710;195;11;26;2;TO_DATE('2013-06-28','YYYY-MM-DD');201965;
7325091;163;70;5;20;TO_DATE('2013-07-14','YYYY-MM-DD');143840;
9443738;169;56;29;11;TO_DATE('2013-12-30','YYYY-MM-DD');278015;
1190666;203;42;27;7;TO_DATE('2014-01-01','YYYY-MM-DD');198388;
1724493;179;52;28;19;TO_DATE('2013-12-27','YYYY-MM-DD');179644;
7968521;166;72;9;6;TO_DATE('2013-05-08','YYYY-MM-DD');149165;
837884;199;37;20;18;TO_DATE('2013-11-26','YYYY-MM-DD');139781;
5815963;192;56;29;4;TO_DATE('2013-09-30','YYYY-MM-DD');54227;
2121267;199;6;24;5;TO_DATE('2013-08-05','YYYY-MM-DD');280947;
955374;172;57;25;6;TO_DATE('2014-03-22','YYYY-MM-DD');137507;
4229254;175;67;2;16;TO_DATE('2013-08-13','YYYY-MM-DD');176976;
2858136;172;51;28;16;TO_DATE('2013-12-27','YYYY-MM-DD');27470;
3613579;192;55;29;12;TO_DATE('2013-06-20','YYYY-MM-DD');185349;
3367733;182;63;30;16;TO_DATE('2014-02-21','YYYY-MM-DD');265528;
5938936;161;67;5;10;TO_DATE('2013-07-19','YYYY-MM-DD');90648;
5779590;192;52;12;5;TO_DATE('2014-03-24','YYYY-MM-DD');248945;
1081225;172;61;20;17;TO_DATE('2013-08-26','YYYY-MM-DD');214510;
6830714;205;70;3;17;TO_DATE('2014-03-24','YYYY-MM-DD');298382;
967890;162;19;24;3;TO_DATE('2013-11-29','YYYY-MM-DD');29280;
1810444;205;70;10;11;TO_DATE('2014-03-25','YYYY-MM-DD');118007;
1100568;198;71;8;15;TO_DATE('2014-03-23','YYYY-MM-DD');199114;
4455053;166;69;7;12;TO_DATE('2013-07-13','YYYY-MM-DD');18854;
955052;178;7;13;11;TO_DATE('2013-11-15','YYYY-MM-DD');156170;
353509;160;42;24;16;TO_DATE('2013-07-28','YYYY-MM-DD');283982;
8098914;201;2;25;10;TO_DATE('2013-11-10','YYYY-MM-DD');116347;
9462708;211;13;30;1;TO_DATE('2013-12-31','YYYY-MM-DD');11802;
4705528;159;21;16;10;TO_DATE('2013-11-21','YYYY-MM-DD');142824;
136896;194;9;13;14;TO_DATE('2013-09-14','YYYY-MM-DD');175530;
2659724;200;55;20;7;TO_DATE('2013-04-20','YYYY-MM-DD');178704;
9108305;158;47;17;8;TO_DATE('2014-01-03','YYYY-MM-DD');26866;
7417825;165;71;7;5;TO_DATE('2013-09-16','YYYY-MM-DD');275208;
3436604;169;54;30;8;TO_DATE('2013-05-09','YYYY-MM-DD');230074;
5204182;172;56;16;17;TO_DATE('2014-03-26','YYYY-MM-DD');189735;
7702903;191;67;6;14;TO_DATE('2013-09-21','YYYY-MM-DD');62716;
94139;183;27;18;15;TO_DATE('2013-10-25','YYYY-MM-DD');192253;
3756267;162;13;15;7;TO_DATE('2014-03-04','YYYY-MM-DD');223588;
1888161;171;69;2;20;TO_DATE('2013-09-25','YYYY-MM-DD');117351;
2417470;205;72;1;14;TO_DATE('2013-05-13','YYYY-MM-DD');84605;
2552856;200;56;12;8;TO_DATE('2013-12-07','YYYY-MM-DD');187278;
3286662;203;47;13;9;TO_DATE('2013-09-24','YYYY-MM-DD');191710;
8327132;182;51;21;4;TO_DATE('2014-02-25','YYYY-MM-DD');250323;
3285507;160;26;18;9;TO_DATE('2013-04-22','YYYY-MM-DD');63395;
6559565;175;70;5;17;TO_DATE('2013-12-18','YYYY-MM-DD');166581;
6338513;183;44;19;20;TO_DATE('2014-01-11','YYYY-MM-DD');298734;
5536471;206;33;22;2;TO_DATE('2013-11-06','YYYY-MM-DD');199850;
1017647;176;71;4;13;TO_DATE('2013-05-26','YYYY-MM-DD');230436;
7786200;205;70;4;16;TO_DATE('2014-04-11','YYYY-MM-DD');222216;
2425966;179;58;30;4;TO_DATE('2014-01-23','YYYY-MM-DD');212892;
3764250;153;8;23;13;TO_DATE('2013-05-18','YYYY-MM-DD');251783;
3789487;203;5;13;4;TO_DATE('2013-10-18','YYYY-MM-DD');151427;
7630496;159;46;30;7;TO_DATE('2013-06-19','YYYY-MM-DD');260785;
7839490;152;54;17;7;TO_DATE('2014-03-28','YYYY-MM-DD');224557;
3378059;159;42;27;1;TO_DATE('2013-12-07','YYYY-MM-DD');193966;
7067317;198;68;9;5;TO_DATE('2013-09-09','YYYY-MM-DD');256081;
4057231;164;13;21;14;TO_DATE('2014-03-01','YYYY-MM-DD');242542;
4482410;198;69;8;19;TO_DATE('2014-03-03','YYYY-MM-DD');261941;
3902521;192;51;20;10;TO_DATE('2013-10-14','YYYY-MM-DD');230479;
4858669;177;55;25;5;TO_DATE('2014-03-14','YYYY-MM-DD');263065;
9719086;173;11;12;3;TO_DATE('2014-03-29','YYYY-MM-DD');162814;
4616181;177;61;28;19;TO_DATE('2013-05-01','YYYY-MM-DD');149765;
9917162;170;51;30;9;TO_DATE('2014-01-15','YYYY-MM-DD');239678;
8903932;177;66;18;18;TO_DATE('2013-06-26','YYYY-MM-DD');86987;
6370290;176;68;8;9;TO_DATE('2013-07-02','YYYY-MM-DD');105094;
9856392;164;47;17;13;TO_DATE('2014-02-16','YYYY-MM-DD');22085;
5878540;191;67;7;20;TO_DATE('2013-07-15','YYYY-MM-DD');43555;
7602613;157;68;10;15;TO_DATE('2013-05-28','YYYY-MM-DD');74614;
930604;188;54;27;13;TO_DATE('2013-12-25','YYYY-MM-DD');65631;
5960884;172;59;14;14;TO_DATE('2013-08-15','YYYY-MM-DD');168617;
4970179;186;70;1;9;TO_DATE('2013-10-31','YYYY-MM-DD');120948;
4043075;172;51;27;3;TO_DATE('2013-05-29','YYYY-MM-DD');213612;
3539134;168;69;10;19;TO_DATE('2013-08-27','YYYY-MM-DD');74992;
5648052;170;54;11;17;TO_DATE('2014-03-29','YYYY-MM-DD');230799;
759097;190;38;19;14;TO_DATE('2013-06-03','YYYY-MM-DD');158325;
1874751;177;55;27;11;TO_DATE('2013-12-07','YYYY-MM-DD');239121;
9766351;186;70;9;15;TO_DATE('2013-11-22','YYYY-MM-DD');215756;
4097442;185;59;12;20;TO_DATE('2013-09-24','YYYY-MM-DD');45378;
6167912;172;63;15;14;TO_DATE('2014-04-16','YYYY-MM-DD');255729;
4032638;197;19;26;9;TO_DATE('2013-07-28','YYYY-MM-DD');19018;
3619282;193;48;19;17;TO_DATE('2013-06-29','YYYY-MM-DD');216944;
1723675;187;72;4;17;TO_DATE('2013-12-26','YYYY-MM-DD');213726;
9430525;158;43;20;14;TO_DATE('2013-06-29','YYYY-MM-DD');190820;
9398198;167;44;27;7;TO_DATE('2013-07-08','YYYY-MM-DD');258156;
7688073;172;65;20;4;TO_DATE('2013-12-24','YYYY-MM-DD');172183;
5637454;164;28;15;4;TO_DATE('2014-03-17','YYYY-MM-DD');42414;
9347421;180;72;1;9;TO_DATE('2013-09-21','YYYY-MM-DD');236269;
4135189;211;6;27;17;TO_DATE('2013-07-21','YYYY-MM-DD');115710;
461532;176;72;9;5;TO_DATE('2013-07-22','YYYY-MM-DD');83897;
323851;161;67;7;19;TO_DATE('2013-12-26','YYYY-MM-DD');161173;
6709751;185;62;19;12;TO_DATE('2014-03-24','YYYY-MM-DD');220854;
3823264;200;61;28;4;TO_DATE('2013-05-25','YYYY-MM-DD');78916;
9198532;154;44;29;3;TO_DATE('2013-08-12','YYYY-MM-DD');77845;
8634564;195;8;28;20;TO_DATE('2013-05-20','YYYY-MM-DD');196361;
8343898;166;69;4;3;TO_DATE('2013-09-08','YYYY-MM-DD');27598;
8002450;170;63;12;20;TO_DATE('2014-02-05','YYYY-MM-DD');103920;
9774753;203;36;12;7;TO_DATE('2013-11-07','YYYY-MM-DD');102407;
6965197;152;51;30;12;TO_DATE('2014-04-12','YYYY-MM-DD');173075;
5002341;181;72;10;2;TO_DATE('2013-07-16','YYYY-MM-DD');154333;
5709042;163;69;1;9;TO_DATE('2014-03-03','YYYY-MM-DD');88085;
4795064;184;69;8;9;TO_DATE('2013-12-10','YYYY-MM-DD');191927;
3262634;155;70;3;6;TO_DATE('2013-09-23','YYYY-MM-DD');189033;
4262029;211;8;30;20;TO_DATE('2013-06-30','YYYY-MM-DD');257538;
5615753;210;71;9;14;TO_DATE('2013-09-27','YYYY-MM-DD');89320;
8552141;185;62;12;17;TO_DATE('2013-11-08','YYYY-MM-DD');83584;
6701305;195;20;16;19;TO_DATE('2014-03-21','YYYY-MM-DD');20840;
4817468;161;72;10;10;TO_DATE('2014-03-17','YYYY-MM-DD');52368;
9937627;181;71;4;8;TO_DATE('2013-10-06','YYYY-MM-DD');241938;
250746;202;71;3;14;TO_DATE('2013-05-16','YYYY-MM-DD');84622;
254102;191;69;8;15;TO_DATE('2013-12-15','YYYY-MM-DD');59493;
5781329;167;33;17;19;TO_DATE('2013-07-01','YYYY-MM-DD');278449;
5329248;183;7;11;14;TO_DATE('2013-12-23','YYYY-MM-DD');234507;
4078215;195;44;25;12;TO_DATE('2014-03-27','YYYY-MM-DD');158024;
7319206;201;32;28;5;TO_DATE('2013-09-25','YYYY-MM-DD');280805;
7315205;184;69;8;8;TO_DATE('2014-01-07','YYYY-MM-DD');11911;
7483148;212;40;26;17;TO_DATE('2014-03-01','YYYY-MM-DD');12969;
5089036;165;71;9;13;TO_DATE('2014-03-12','YYYY-MM-DD');153563;
1306139;211;12;12;18;TO_DATE('2013-06-24','YYYY-MM-DD');176343;
8848584;199;19;13;1;TO_DATE('2014-02-26','YYYY-MM-DD');210590;
332489;208;71;2;9;TO_DATE('2014-03-20','YYYY-MM-DD');125799;
9484046;210;71;10;3;TO_DATE('2013-12-29','YYYY-MM-DD');129856;
6826114;185;54;20;17;TO_DATE('2013-05-14','YYYY-MM-DD');119230;
8563421;186;70;5;5;TO_DATE('2013-05-15','YYYY-MM-DD');153042;
8954936;188;63;20;13;TO_DATE('2013-07-10','YYYY-MM-DD');76860;
8058471;165;70;2;11;TO_DATE('2013-12-04','YYYY-MM-DD');80455;
1260943;159;34;21;4;TO_DATE('2013-04-28','YYYY-MM-DD');236702;
596020;155;69;8;1;TO_DATE('2014-02-16','YYYY-MM-DD');110720;
9467844;198;69;2;11;TO_DATE('2014-02-10','YYYY-MM-DD');196606;
6560740;188;54;19;8;TO_DATE('2013-05-08','YYYY-MM-DD');253548;
7936232;182;56;13;5;TO_DATE('2013-09-19','YYYY-MM-DD');86364;
794733;211;45;27;1;TO_DATE('2013-12-02','YYYY-MM-DD');182703;
5205323;186;67;3;12;TO_DATE('2014-02-04','YYYY-MM-DD');70976;
4381501;162;37;12;15;TO_DATE('2014-02-01','YYYY-MM-DD');56843;
9737686;197;2;11;12;TO_DATE('2014-02-15','YYYY-MM-DD');266617;
2840211;182;58;28;12;TO_DATE('2014-03-08','YYYY-MM-DD');222304;
4918885;185;57;18;19;TO_DATE('2013-04-17','YYYY-MM-DD');92340;
5056591;156;71;4;16;TO_DATE('2014-02-02','YYYY-MM-DD');87346;
6783294;198;67;2;2;TO_DATE('2013-04-18','YYYY-MM-DD');297073;
7953737;190;19;20;3;TO_DATE('2013-05-07','YYYY-MM-DD');277563;
9647019;152;58;11;10;TO_DATE('2014-02-14','YYYY-MM-DD');149457;
7487254;166;72;1;14;TO_DATE('2013-05-15','YYYY-MM-DD');163894;
7054746;188;65;14;19;TO_DATE('2013-07-09','YYYY-MM-DD');199380;
9806740;172;59;28;6;TO_DATE('2013-10-15','YYYY-MM-DD');171023;
6769720;175;69;10;13;TO_DATE('2013-08-03','YYYY-MM-DD');278157;
1684085;206;40;26;10;TO_DATE('2013-07-24','YYYY-MM-DD');298206;
3600888;168;72;4;19;TO_DATE('2013-07-03','YYYY-MM-DD');166780;
695906;201;17;26;20;TO_DATE('2013-07-09','YYYY-MM-DD');227201;
2538287;161;68;6;2;TO_DATE('2013-08-21','YYYY-MM-DD');271107;
66859;185;58;16;4;TO_DATE('2013-08-14','YYYY-MM-DD');280040;
4635847;162;15;18;13;TO_DATE('2013-12-29','YYYY-MM-DD');270359;
274224;186;72;3;10;TO_DATE('2014-03-06','YYYY-MM-DD');243102;
9467590;176;70;4;19;TO_DATE('2013-08-02','YYYY-MM-DD');193256;
8320357;186;71;7;11;TO_DATE('2013-07-28','YYYY-MM-DD');275832;
5306023;160;8;13;10;TO_DATE('2014-04-15','YYYY-MM-DD');282709;
3160604;170;59;25;4;TO_DATE('2014-01-24','YYYY-MM-DD');211336;
7106798;174;15;18;1;TO_DATE('2013-11-20','YYYY-MM-DD');146365;
9419040;171;70;3;12;TO_DATE('2013-06-16','YYYY-MM-DD');120161;
2222644;200;57;27;5;TO_DATE('2013-10-02','YYYY-MM-DD');40888;
4073155;154;50;18;9;TO_DATE('2013-10-15','YYYY-MM-DD');211427;
2640278;162;30;14;15;TO_DATE('2013-08-26','YYYY-MM-DD');16740;
7078619;176;72;9;7;TO_DATE('2013-07-16','YYYY-MM-DD');17007;
7340706;165;70;7;20;TO_DATE('2014-04-12','YYYY-MM-DD');215456;
9260329;205;68;9;2;TO_DATE('2013-09-11','YYYY-MM-DD');258586;
28334;175;70;7;14;TO_DATE('2013-07-17','YYYY-MM-DD');264533;
9860333;175;68;8;15;TO_DATE('2014-02-08','YYYY-MM-DD');38802;
9442108;188;61;22;4;TO_DATE('2014-01-23','YYYY-MM-DD');165044;
552565;177;54;21;3;TO_DATE('2013-06-28','YYYY-MM-DD');139508;
6268348;191;68;6;10;TO_DATE('2014-01-09','YYYY-MM-DD');218776;
4831233;191;68;6;13;TO_DATE('2013-11-07','YYYY-MM-DD');217757;
2513573;211;25;30;16;TO_DATE('2013-12-25','YYYY-MM-DD');232107;
3195663;193;22;23;19;TO_DATE('2013-09-01','YYYY-MM-DD');206851;
6324844;187;69;9;6;TO_DATE('2014-01-10','YYYY-MM-DD');101401;
1812612;209;37;24;13;TO_DATE('2013-07-14','YYYY-MM-DD');252504;
1793314;175;72;8;14;TO_DATE('2013-08-30','YYYY-MM-DD');279109;
3788518;177;57;25;7;TO_DATE('2014-03-09','YYYY-MM-DD');156988;
5244500;206;36;11;11;TO_DATE('2013-08-28','YYYY-MM-DD');137105;
4603757;169;57;12;14;TO_DATE('2013-11-23','YYYY-MM-DD');282035;
1615670;158;20;14;11;TO_DATE('2013-09-29','YYYY-MM-DD');162183;
6970302;192;59;17;19;TO_DATE('2013-11-19','YYYY-MM-DD');111465;
6165762;174;35;11;5;TO_DATE('2013-07-26','YYYY-MM-DD');174611;
406817;195;18;12;1;TO_DATE('2014-02-06','YYYY-MM-DD');298657;
6021306;210;70;6;10;TO_DATE('2013-07-26','YYYY-MM-DD');56463;
7244287;179;53;26;18;TO_DATE('2014-03-10','YYYY-MM-DD');76701;
8352283;159;11;17;15;TO_DATE('2013-10-20','YYYY-MM-DD');58820;
8743122;200;57;16;9;TO_DATE('2013-11-23','YYYY-MM-DD');259523;
1036290;181;67;7;12;TO_DATE('2014-01-26','YYYY-MM-DD');30144;
2131807;160;37;21;17;TO_DATE('2013-07-12','YYYY-MM-DD');152426;
927317;203;3;29;6;TO_DATE('2013-08-12','YYYY-MM-DD');250604;
3409247;200;53;14;16;TO_DATE('2013-11-15','YYYY-MM-DD');234685;
7329680;181;69;4;9;TO_DATE('2013-05-01','YYYY-MM-DD');23968;
5301476;185;65;17;12;TO_DATE('2013-05-17','YYYY-MM-DD');145816;
1599656;209;30;28;9;TO_DATE('2013-09-14','YYYY-MM-DD');297481;
1602030;211;39;28;19;TO_DATE('2013-06-20','YYYY-MM-DD');146205;
4540005;153;11;26;1;TO_DATE('2013-10-10','YYYY-MM-DD');291942;
3609246;179;56;22;10;TO_DATE('2014-01-14','YYYY-MM-DD');14429;
3735771;151;35;25;14;TO_DATE('2013-10-20','YYYY-MM-DD');188169;
3502664;174;8;26;9;TO_DATE('2014-01-31','YYYY-MM-DD');123803;
8431836;194;46;27;11;TO_DATE('2013-08-31','YYYY-MM-DD');191218;
9145980;201;12;28;8;TO_DATE('2013-09-11','YYYY-MM-DD');188530;
3326668;182;64;16;10;TO_DATE('2013-05-07','YYYY-MM-DD');111795;
3997465;153;38;22;12;TO_DATE('2013-12-04','YYYY-MM-DD');266525;
7205116;177;59;21;3;TO_DATE('2013-07-09','YYYY-MM-DD');226920;
5195880;182;55;28;5;TO_DATE('2014-03-13','YYYY-MM-DD');297247;
9333216;169;52;18;16;TO_DATE('2013-07-06','YYYY-MM-DD');122243;
2470656;172;60;30;17;TO_DATE('2013-04-20','YYYY-MM-DD');73540;
634580;204;3;27;3;TO_DATE('2013-07-22','YYYY-MM-DD');233763;
7073321;189;70;9;2;TO_DATE('2013-10-18','YYYY-MM-DD');199091;
3861644;191;68;6;18;TO_DATE('2013-08-18','YYYY-MM-DD');183347;
9572475;191;69;9;8;TO_DATE('2013-12-31','YYYY-MM-DD');73347;
5974888;169;51;14;13;TO_DATE('2013-09-21','YYYY-MM-DD');124970;
2031914;192;59;27;3;TO_DATE('2013-12-15','YYYY-MM-DD');155095;
3330472;178;27;20;17;TO_DATE('2013-04-23','YYYY-MM-DD');68060;
9736808;183;45;15;4;TO_DATE('2013-09-21','YYYY-MM-DD');38400;
6566766;168;69;3;14;TO_DATE('2014-01-18','YYYY-MM-DD');179279;
4051984;161;70;8;4;TO_DATE('2013-10-01','YYYY-MM-DD');63825;
9403069;196;6;16;17;TO_DATE('2013-12-19','YYYY-MM-DD');243393;
8028898;185;55;29;6;TO_DATE('2013-12-31','YYYY-MM-DD');269466;
2241116;169;62;16;9;TO_DATE('2013-08-13','YYYY-MM-DD');152800;
4990481;177;52;19;4;TO_DATE('2013-09-11','YYYY-MM-DD');183924;
5879358;154;25;27;13;TO_DATE('2014-01-15','YYYY-MM-DD');131864;
5323273;191;72;4;17;TO_DATE('2013-10-28','YYYY-MM-DD');280266;
9972556;202;71;3;15;TO_DATE('2013-11-02','YYYY-MM-DD');195156;
8351374;200;56;29;4;TO_DATE('2014-03-02','YYYY-MM-DD');102343;
385426;177;55;20;14;TO_DATE('2013-12-16','YYYY-MM-DD');206232;
5295612;166;72;10;2;TO_DATE('2013-05-16','YYYY-MM-DD');184457;
3750244;206;42;19;20;TO_DATE('2014-01-09','YYYY-MM-DD');221749;
9289369;185;59;24;15;TO_DATE('2013-07-21','YYYY-MM-DD');245146;
4602972;191;67;7;11;TO_DATE('2014-01-29','YYYY-MM-DD');246933;
7164148;192;54;25;5;TO_DATE('2013-07-06','YYYY-MM-DD');62880;
9794950;190;37;19;3;TO_DATE('2013-12-02','YYYY-MM-DD');299026;
2330949;160;10;21;18;TO_DATE('2013-05-21','YYYY-MM-DD');130170;
6651426;169;55;21;9;TO_DATE('2013-10-21','YYYY-MM-DD');274120;
7922512;181;70;8;1;TO_DATE('2013-09-06','YYYY-MM-DD');239343;
3380455;208;72;7;17;TO_DATE('2013-07-19','YYYY-MM-DD');250911;
2683487;179;55;11;13;TO_DATE('2013-07-02','YYYY-MM-DD');243534;
9558309;166;69;7;8;TO_DATE('2014-04-09','YYYY-MM-DD');93629;
193015;200;53;14;15;TO_DATE('2013-12-07','YYYY-MM-DD');11699;
3646429;182;61;15;14;TO_DATE('2013-12-31','YYYY-MM-DD');225745;
5326239;203;43;22;7;TO_DATE('2013-10-24','YYYY-MM-DD');289286;
6979093;168;67;5;8;TO_DATE('2014-03-10','YYYY-MM-DD');198759;
4539103;188;52;27;15;TO_DATE('2013-08-28','YYYY-MM-DD');271517;
2338132;154;4;20;17;TO_DATE('2013-11-11','YYYY-MM-DD');140583;
5302376;176;70;5;6;TO_DATE('2014-03-11','YYYY-MM-DD');297859;
9908476;152;60;15;16;TO_DATE('2013-12-30','YYYY-MM-DD');127301;
2495073;171;72;2;5;TO_DATE('2014-02-10','YYYY-MM-DD');253958;
666691;195;45;29;19;TO_DATE('2013-12-21','YYYY-MM-DD');218533;
8179915;174;19;24;11;TO_DATE('2014-03-28','YYYY-MM-DD');58939;
8125024;195;7;14;5;TO_DATE('2014-02-25','YYYY-MM-DD');124336;
9022683;173;3;20;20;TO_DATE('2013-05-06','YYYY-MM-DD');22545;
2612330;186;72;8;19;TO_DATE('2014-01-24','YYYY-MM-DD');298484;
6616890;179;66;23;13;TO_DATE('2014-03-08','YYYY-MM-DD');15632;
7659505;155;71;1;2;TO_DATE('2013-08-27','YYYY-MM-DD');286515;
8201159;179;57;11;20;TO_DATE('2013-08-04','YYYY-MM-DD');36635;
6219089;161;69;8;7;TO_DATE('2013-10-31','YYYY-MM-DD');131585;
4837464;200;56;12;14;TO_DATE('2013-12-30','YYYY-MM-DD');166794;
8028851;177;54;18;20;TO_DATE('2013-06-19','YYYY-MM-DD');218407;
5698868;152;65;21;19;TO_DATE('2014-01-04','YYYY-MM-DD');126249;
6493859;211;19;14;17;TO_DATE('2013-10-20','YYYY-MM-DD');163863;
1534777;165;72;7;18;TO_DATE('2013-12-19','YYYY-MM-DD');166902;
526096;187;72;6;19;TO_DATE('2013-07-02','YYYY-MM-DD');124044;
7252715;210;69;5;11;TO_DATE('2014-04-05','YYYY-MM-DD');269676;
1070989;177;51;12;5;TO_DATE('2013-08-31','YYYY-MM-DD');63095;
5717011;188;53;28;19;TO_DATE('2013-10-29','YYYY-MM-DD');17859;
8598435;176;70;3;6;TO_DATE('2013-09-27','YYYY-MM-DD');249298;
3735565;209;30;24;1;TO_DATE('2013-06-09','YYYY-MM-DD');223353;
2771680;210;70;8;8;TO_DATE('2014-02-11','YYYY-MM-DD');25597;
3560874;181;72;6;11;TO_DATE('2013-09-09','YYYY-MM-DD');218324;
4442633;170;58;13;18;TO_DATE('2013-05-02','YYYY-MM-DD');98197;
2166832;170;56;24;4;TO_DATE('2014-03-01','YYYY-MM-DD');112077;
4735304;187;69;9;6;TO_DATE('2013-05-22','YYYY-MM-DD');169745;
5498517;181;72;9;14;TO_DATE('2014-03-04','YYYY-MM-DD');106249;
7688537;177;56;30;19;TO_DATE('2013-07-16','YYYY-MM-DD');297592;
1053157;172;54;16;17;TO_DATE('2013-05-06','YYYY-MM-DD');81446;
2445509;202;70;6;3;TO_DATE('2014-01-28','YYYY-MM-DD');151886;
9666893;204;44;28;2;TO_DATE('2013-05-05','YYYY-MM-DD');297623;
235408;169;58;24;16;TO_DATE('2013-11-08','YYYY-MM-DD');228230;
1478608;179;53;15;4;TO_DATE('2013-10-17','YYYY-MM-DD');41957;
5941206;185;58;19;6;TO_DATE('2013-07-24','YYYY-MM-DD');165300;
2751666;180;72;8;17;TO_DATE('2013-11-16','YYYY-MM-DD');51017;
660216;152;66;13;2;TO_DATE('2013-09-18','YYYY-MM-DD');70441;
73373;155;68;5;8;TO_DATE('2014-03-02','YYYY-MM-DD');187759;
3760976;160;50;11;20;TO_DATE('2014-02-15','YYYY-MM-DD');289003;
9774239;151;44;29;3;TO_DATE('2013-08-30','YYYY-MM-DD');72031;
7294883;162;46;24;9;TO_DATE('2013-10-14','YYYY-MM-DD');172522;
248119;182;63;26;18;TO_DATE('2014-02-04','YYYY-MM-DD');235797;
9782138;162;1;15;1;TO_DATE('2013-08-21','YYYY-MM-DD');138318;
6434722;177;65;20;10;TO_DATE('2013-08-25','YYYY-MM-DD');32280;
8553013;177;58;14;1;TO_DATE('2013-09-12','YYYY-MM-DD');139910;
5306844;152;54;19;6;TO_DATE('2013-12-22','YYYY-MM-DD');153479;
1599601;208;72;5;8;TO_DATE('2013-07-23','YYYY-MM-DD');135359;
2785041;177;60;16;8;TO_DATE('2013-10-19','YYYY-MM-DD');105843;
9086667;210;69;2;13;TO_DATE('2014-02-16','YYYY-MM-DD');19621;
9825392;172;61;23;19;TO_DATE('2014-04-02','YYYY-MM-DD');290381;
1863907;188;55;11;14;TO_DATE('2013-12-10','YYYY-MM-DD');155040;
4361173;210;71;3;5;TO_DATE('2014-04-10','YYYY-MM-DD');145177;
8418568;177;63;16;13;TO_DATE('2014-04-14','YYYY-MM-DD');150427;
392325;180;67;10;14;TO_DATE('2013-10-07','YYYY-MM-DD');124708;
6255890;162;7;20;18;TO_DATE('2014-01-01','YYYY-MM-DD');132137;
9806893;192;51;23;19;TO_DATE('2013-09-26','YYYY-MM-DD');80784;
5468890;170;63;20;11;TO_DATE('2014-02-03','YYYY-MM-DD');182060;
7067041;166;70;5;10;TO_DATE('2014-03-12','YYYY-MM-DD');185134;
6743034;202;71;3;17;TO_DATE('2013-05-30','YYYY-MM-DD');22738;
5892101;162;28;15;8;TO_DATE('2014-03-24','YYYY-MM-DD');280350;
5299276;179;51;11;12;TO_DATE('2013-10-16','YYYY-MM-DD');30222;
9361633;200;52;22;1;TO_DATE('2014-03-20','YYYY-MM-DD');108603;
6633792;203;48;22;11;TO_DATE('2013-09-30','YYYY-MM-DD');65468;
9022650;168;72;8;20;TO_DATE('2013-10-14','YYYY-MM-DD');205389;
2009650;187;72;4;3;TO_DATE('2013-11-04','YYYY-MM-DD');104252;
5327027;181;71;5;1;TO_DATE('2014-03-12','YYYY-MM-DD');30971;
3300652;210;69;8;11;TO_DATE('2014-02-01','YYYY-MM-DD');290793;
1628626;172;65;22;12;TO_DATE('2013-09-15','YYYY-MM-DD');137303;
1207009;187;67;1;14;TO_DATE('2013-08-31','YYYY-MM-DD');18177;
5033756;191;69;10;14;TO_DATE('2013-10-23','YYYY-MM-DD');144940;
2765722;185;54;29;3;TO_DATE('2013-05-28','YYYY-MM-DD');41436;
7560272;197;42;29;8;TO_DATE('2013-07-04','YYYY-MM-DD');94766;
8627016;204;42;20;14;TO_DATE('2014-04-12','YYYY-MM-DD');28179;
9931359;185;63;19;1;TO_DATE('2013-08-01','YYYY-MM-DD');30759;
1955057;177;57;23;4;TO_DATE('2013-09-14','YYYY-MM-DD');140822;
9910757;205;70;10;12;TO_DATE('2014-02-19','YYYY-MM-DD');106761;
3424397;206;11;16;19;TO_DATE('2014-02-25','YYYY-MM-DD');214653;
6473313;157;72;6;6;TO_DATE('2013-05-22','YYYY-MM-DD');29216;
234815;172;57;14;17;TO_DATE('2014-01-19','YYYY-MM-DD');63890;
233648;161;72;6;15;TO_DATE('2013-05-12','YYYY-MM-DD');233128;
2519307;170;62;14;12;TO_DATE('2013-12-07','YYYY-MM-DD');70687;
2975349;188;60;25;9;TO_DATE('2014-02-26','YYYY-MM-DD');175008;
1261392;192;60;25;16;TO_DATE('2013-04-21','YYYY-MM-DD');75942;
251763;198;71;10;18;TO_DATE('2013-04-24','YYYY-MM-DD');123362;
2193202;172;54;26;14;TO_DATE('2013-09-21','YYYY-MM-DD');53919;
8545911;192;57;18;13;TO_DATE('2013-07-06','YYYY-MM-DD');221010;
8952017;185;52;27;10;TO_DATE('2013-05-25','YYYY-MM-DD');192593;
7541416;188;56;12;12;TO_DATE('2014-02-27','YYYY-MM-DD');35367;
5643844;169;56;21;13;TO_DATE('2013-08-04','YYYY-MM-DD');143538;
4991818;179;53;15;19;TO_DATE('2014-01-13','YYYY-MM-DD');281727;
1382284;212;28;27;6;TO_DATE('2014-01-04','YYYY-MM-DD');259021;
1062817;188;58;18;15;TO_DATE('2013-05-23','YYYY-MM-DD');206194;
5338220;185;59;18;12;TO_DATE('2014-04-05','YYYY-MM-DD');149400;
8344457;204;39;23;2;TO_DATE('2013-10-10','YYYY-MM-DD');248960;
3771864;160;16;22;17;TO_DATE('2013-10-06','YYYY-MM-DD');172862;
8214261;185;58;25;13;TO_DATE('2013-11-05','YYYY-MM-DD');154015;
1389161;177;57;29;4;TO_DATE('2013-05-16','YYYY-MM-DD');58822;
3490289;193;35;14;12;TO_DATE('2013-12-16','YYYY-MM-DD');35272;
4429442;196;30;30;19;TO_DATE('2013-07-02','YYYY-MM-DD');196297;
4313169;182;59;26;6;TO_DATE('2013-12-13','YYYY-MM-DD');128336;
7116898;195;39;26;4;TO_DATE('2013-12-17','YYYY-MM-DD');262956;
808931;206;13;29;10;TO_DATE('2014-01-13','YYYY-MM-DD');147300;
7140590;153;17;30;11;TO_DATE('2014-01-31','YYYY-MM-DD');200622;
3471811;182;66;24;11;TO_DATE('2013-10-14','YYYY-MM-DD');145186;
5731146;182;51;14;5;TO_DATE('2013-06-25','YYYY-MM-DD');134648;
5915538;181;72;9;7;TO_DATE('2013-08-03','YYYY-MM-DD');211777;
9224645;198;70;6;18;TO_DATE('2014-04-03','YYYY-MM-DD');160006;
4545128;169;57;19;4;TO_DATE('2013-09-19','YYYY-MM-DD');141766;
9101303;170;64;24;15;TO_DATE('2014-01-13','YYYY-MM-DD');69524;
3926909;159;9;28;5;TO_DATE('2014-03-29','YYYY-MM-DD');20183;
8421573;210;70;9;16;TO_DATE('2014-01-12','YYYY-MM-DD');77682;
3311857;201;5;27;12;TO_DATE('2013-06-02','YYYY-MM-DD');116134;
5260139;183;20;28;6;TO_DATE('2013-10-27','YYYY-MM-DD');34921;
9412573;153;18;28;13;TO_DATE('2013-05-05','YYYY-MM-DD');187392;
2867140;151;14;20;4;TO_DATE('2014-03-10','YYYY-MM-DD');81382;
4824574;207;23;29;13;TO_DATE('2013-11-09','YYYY-MM-DD');146290;
382636;183;30;15;1;TO_DATE('2013-06-16','YYYY-MM-DD');263250;
5708230;162;45;16;14;TO_DATE('2013-10-13','YYYY-MM-DD');133846;
156277;210;72;3;3;TO_DATE('2013-11-23','YYYY-MM-DD');187393;
4509186;197;2;23;12;TO_DATE('2013-05-04','YYYY-MM-DD');210596;
7046728;177;60;15;17;TO_DATE('2013-07-25','YYYY-MM-DD');86911;
43265;156;72;7;9;TO_DATE('2013-11-09','YYYY-MM-DD');165597;
4204274;205;67;4;9;TO_DATE('2013-10-08','YYYY-MM-DD');235171;
4401058;185;55;16;16;TO_DATE('2013-11-11','YYYY-MM-DD');18810;
2066028;158;36;27;5;TO_DATE('2014-02-20','YYYY-MM-DD');290244;
5514485;170;66;21;18;TO_DATE('2014-03-19','YYYY-MM-DD');85293;
3841404;152;54;16;9;TO_DATE('2013-06-27','YYYY-MM-DD');228050;
8130598;185;65;25;7;TO_DATE('2013-06-19','YYYY-MM-DD');68222;
410787;171;71;6;10;TO_DATE('2014-04-03','YYYY-MM-DD');252906;
6293247;202;70;5;9;TO_DATE('2013-12-13','YYYY-MM-DD');241073;
9205379;177;52;14;4;TO_DATE('2014-02-11','YYYY-MM-DD');79477;
3497061;169;59;12;18;TO_DATE('2013-08-17','YYYY-MM-DD');21656;
6313814;164;30;12;16;TO_DATE('2014-03-13','YYYY-MM-DD');299137;
2324029;179;55;20;5;TO_DATE('2014-01-17','YYYY-MM-DD');133863;
9867229;182;52;29;6;TO_DATE('2014-03-28','YYYY-MM-DD');56668;
6372489;183;1;24;20;TO_DATE('2013-12-13','YYYY-MM-DD');234290;
5496915;163;68;10;7;TO_DATE('2013-11-30','YYYY-MM-DD');129661;
7062757;210;68;2;14;TO_DATE('2013-04-24','YYYY-MM-DD');201377;
8174339;156;72;5;6;TO_DATE('2013-12-10','YYYY-MM-DD');100941;
2193888;182;66;21;2;TO_DATE('2013-07-25','YYYY-MM-DD');287427;
9549988;194;36;22;6;TO_DATE('2013-08-13','YYYY-MM-DD');270693;
9867950;179;65;11;14;TO_DATE('2013-12-30','YYYY-MM-DD');290516;
9423718;207;45;14;13;TO_DATE('2014-03-28','YYYY-MM-DD');189293;
6204840;182;62;12;16;TO_DATE('2013-07-07','YYYY-MM-DD');89740;
8849968;170;62;24;13;TO_DATE('2014-04-12','YYYY-MM-DD');186906;
8915472;186;67;8;3;TO_DATE('2014-04-07','YYYY-MM-DD');251432;
4800851;151;2;13;18;TO_DATE('2013-11-17','YYYY-MM-DD');100170;
8898314;182;58;15;1;TO_DATE('2013-06-25','YYYY-MM-DD');15494;
7761536;188;56;25;10;TO_DATE('2014-01-07','YYYY-MM-DD');175207;
3604739;172;54;16;9;TO_DATE('2013-08-17','YYYY-MM-DD');41275;
890578;163;72;9;3;TO_DATE('2013-10-21','YYYY-MM-DD');271630;
5047552;152;54;13;14;TO_DATE('2013-07-18','YYYY-MM-DD');157791;
3280838;162;47;20;3;TO_DATE('2013-09-24','YYYY-MM-DD');53693;
5230587;193;41;29;10;TO_DATE('2014-04-14','YYYY-MM-DD');235851;
4727888;192;64;24;1;TO_DATE('2013-07-09','YYYY-MM-DD');220059;
5615645;172;53;27;15;TO_DATE('2014-03-18','YYYY-MM-DD');14978;
993243;176;69;7;17;TO_DATE('2014-03-08','YYYY-MM-DD');104000;
9533640;176;68;6;16;TO_DATE('2014-01-24','YYYY-MM-DD');73429;
7872344;172;57;28;3;TO_DATE('2014-02-10','YYYY-MM-DD');27468;
8156373;160;34;15;19;TO_DATE('2013-11-22','YYYY-MM-DD');139616;
7054807;185;53;25;7;TO_DATE('2013-09-27','YYYY-MM-DD');231276;
4871096;176;68;4;15;TO_DATE('2014-04-08','YYYY-MM-DD');72773;
8344890;157;71;1;19;TO_DATE('2013-12-08','YYYY-MM-DD');206861;
5061464;160;39;28;15;TO_DATE('2013-12-13','YYYY-MM-DD');186827;
2326404;201;1;15;18;TO_DATE('2014-04-09','YYYY-MM-DD');58751;
2524213;188;64;21;17;TO_DATE('2014-02-25','YYYY-MM-DD');47029;
6814228;196;18;29;2;TO_DATE('2013-11-08','YYYY-MM-DD');207440;
7976612;188;63;30;15;TO_DATE('2013-10-27','YYYY-MM-DD');139025;
8574714;191;67;4;18;TO_DATE('2013-06-24','YYYY-MM-DD');154751;
4039049;169;54;22;7;TO_DATE('2013-06-22','YYYY-MM-DD');228089;
7864353;192;55;26;10;TO_DATE('2013-12-08','YYYY-MM-DD');156814;
3331157;152;53;12;10;TO_DATE('2014-01-14','YYYY-MM-DD');178829;
1726620;175;72;8;18;TO_DATE('2013-12-26','YYYY-MM-DD');146182;
1188703;200;56;18;7;TO_DATE('2014-03-02','YYYY-MM-DD');288871;
9370222;188;61;26;12;TO_DATE('2013-04-27','YYYY-MM-DD');53413;
1148592;172;51;11;8;TO_DATE('2013-10-15','YYYY-MM-DD');82097;
1855535;175;70;1;3;TO_DATE('2013-06-02','YYYY-MM-DD');237773;
6825905;185;56;25;4;TO_DATE('2013-11-25','YYYY-MM-DD');199879;
7853511;194;46;21;3;TO_DATE('2013-11-24','YYYY-MM-DD');187424;
2974825;205;72;8;4;TO_DATE('2014-01-04','YYYY-MM-DD');167432;
1298303;200;53;23;14;TO_DATE('2014-03-19','YYYY-MM-DD');152564;
3163763;188;63;13;13;TO_DATE('2014-03-21','YYYY-MM-DD');58837;
7043934;167;10;14;16;TO_DATE('2013-11-13','YYYY-MM-DD');154507;
5965340;172;59;24;11;TO_DATE('2013-06-18','YYYY-MM-DD');80672;
22530;166;67;5;2;TO_DATE('2013-07-28','YYYY-MM-DD');250176;
6433044;168;68;2;7;TO_DATE('2014-01-19','YYYY-MM-DD');293284;
143431;160;14;30;11;TO_DATE('2013-09-19','YYYY-MM-DD');185603;
5603684;188;64;30;17;TO_DATE('2013-12-12','YYYY-MM-DD');79062;
9979226;159;32;16;20;TO_DATE('2013-05-03','YYYY-MM-DD');157364;
1442877;173;10;22;6;TO_DATE('2013-05-04','YYYY-MM-DD');263678;
5994056;198;72;7;7;TO_DATE('2014-03-12','YYYY-MM-DD');102340;
37078;170;66;28;17;TO_DATE('2014-03-05','YYYY-MM-DD');116447;
9069850;157;72;2;7;TO_DATE('2013-12-20','YYYY-MM-DD');105370;
6642907;207;22;26;12;TO_DATE('2013-12-07','YYYY-MM-DD');230225;
9215107;210;69;5;5;TO_DATE('2013-09-16','YYYY-MM-DD');83345;
9332888;196;5;25;16;TO_DATE('2013-12-26','YYYY-MM-DD');132602;
921268;209;26;16;1;TO_DATE('2013-11-28','YYYY-MM-DD');228434;
5945011;206;28;25;8;TO_DATE('2013-10-24','YYYY-MM-DD');229314;
696644;172;63;11;8;TO_DATE('2013-04-25','YYYY-MM-DD');157061;
3397883;159;26;30;1;TO_DATE('2013-05-06','YYYY-MM-DD');151194;
1888082;202;67;9;10;TO_DATE('2013-09-22','YYYY-MM-DD');119215;
3756254;170;65;29;16;TO_DATE('2014-03-21','YYYY-MM-DD');257408;
9481553;185;58;25;12;TO_DATE('2014-02-26','YYYY-MM-DD');81704;
7463563;192;53;26;13;TO_DATE('2014-04-16','YYYY-MM-DD');104305;
8895158;207;18;19;11;TO_DATE('2013-12-29','YYYY-MM-DD');272836;
6771406;172;62;11;8;TO_DATE('2014-02-18','YYYY-MM-DD');185827;
7520158;175;72;9;3;TO_DATE('2013-09-07','YYYY-MM-DD');297976;
8621329;170;63;26;19;TO_DATE('2013-04-24','YYYY-MM-DD');229294;
9475239;194;45;17;7;TO_DATE('2014-04-08','YYYY-MM-DD');16503;
6266918;177;65;11;9;TO_DATE('2013-12-28','YYYY-MM-DD');191722;
8394045;153;38;23;2;TO_DATE('2013-07-19','YYYY-MM-DD');78911;
2439863;185;56;22;4;TO_DATE('2014-02-14','YYYY-MM-DD');113602;
5098342;159;48;12;15;TO_DATE('2013-10-16','YYYY-MM-DD');97866;
2380374;164;36;12;11;TO_DATE('2014-02-06','YYYY-MM-DD');154896;
1234928;184;70;8;16;TO_DATE('2013-10-11','YYYY-MM-DD');284975;
696883;179;55;26;3;TO_DATE('2014-02-03','YYYY-MM-DD');155536;
4244659;177;60;23;19;TO_DATE('2013-08-27','YYYY-MM-DD');71433;
6375266;156;72;9;17;TO_DATE('2013-07-29','YYYY-MM-DD');47184;
1322519;177;57;23;18;TO_DATE('2013-04-18','YYYY-MM-DD');73798;
4096302;167;28;17;17;TO_DATE('2013-05-27','YYYY-MM-DD');275492;
1285382;170;55;15;2;TO_DATE('2013-08-31','YYYY-MM-DD');183622;
7149194;163;67;7;11;TO_DATE('2014-01-14','YYYY-MM-DD');76298;
780610;206;14;23;11;TO_DATE('2014-03-06','YYYY-MM-DD');140195;
6228853;183;30;16;17;TO_DATE('2013-08-15','YYYY-MM-DD');17009;
7558613;179;63;12;13;TO_DATE('2013-12-31','YYYY-MM-DD');193487;
8501713;159;9;13;6;TO_DATE('2013-10-18','YYYY-MM-DD');136029;
8403751;185;62;22;5;TO_DATE('2013-10-13','YYYY-MM-DD');147010;
4840604;184;67;4;4;TO_DATE('2014-04-04','YYYY-MM-DD');114416;
5801611;187;70;10;15;TO_DATE('2014-04-01','YYYY-MM-DD');134569;
3097196;160;31;25;14;TO_DATE('2013-10-10','YYYY-MM-DD');92204;
9646682;162;26;15;8;TO_DATE('2013-09-12','YYYY-MM-DD');156298;
2022453;180;68;9;1;TO_DATE('2014-01-30','YYYY-MM-DD');72833;
9229716;206;11;16;8;TO_DATE('2013-12-07','YYYY-MM-DD');146072;
6635849;179;64;12;11;TO_DATE('2013-10-28','YYYY-MM-DD');34854;
1503266;178;19;19;6;TO_DATE('2013-08-25','YYYY-MM-DD');81923;
1445164;173;36;11;6;TO_DATE('2013-06-15','YYYY-MM-DD');50555;
9833015;182;57;16;11;TO_DATE('2013-07-29','YYYY-MM-DD');290825;
9619333;178;32;25;13;TO_DATE('2013-10-12','YYYY-MM-DD');251888;
9604527;161;70;7;11;TO_DATE('2013-08-24','YYYY-MM-DD');112602;
4273887;171;68;4;12;TO_DATE('2013-06-01','YYYY-MM-DD');166443;
3758617;193;16;12;11;TO_DATE('2014-02-18','YYYY-MM-DD');84756;
9445598;159;27;14;8;TO_DATE('2013-06-01','YYYY-MM-DD');75438;
6178669;211;7;21;19;TO_DATE('2014-04-04','YYYY-MM-DD');248365;
4569821;177;66;23;6;TO_DATE('2013-07-25','YYYY-MM-DD');57540;
8542353;161;67;9;11;TO_DATE('2013-09-29','YYYY-MM-DD');23728;
1408200;196;21;20;13;TO_DATE('2014-03-15','YYYY-MM-DD');131809;
7248613;169;64;19;2;TO_DATE('2014-02-26','YYYY-MM-DD');230463;
5571456;209;18;14;12;TO_DATE('2014-01-27','YYYY-MM-DD');31732;
1838565;155;71;8;9;TO_DATE('2013-09-10','YYYY-MM-DD');119330;
9136737;160;3;26;8;TO_DATE('2013-12-23','YYYY-MM-DD');49297;
6361581;155;70;6;20;TO_DATE('2013-09-26','YYYY-MM-DD');104731;
5213892;188;54;12;9;TO_DATE('2014-02-12','YYYY-MM-DD');215404;
4008519;178;43;16;12;TO_DATE('2013-05-10','YYYY-MM-DD');244536;
2056842;183;41;13;13;TO_DATE('2013-10-28','YYYY-MM-DD');97356;
76181;209;15;14;16;TO_DATE('2013-07-07','YYYY-MM-DD');119200;
1510006;192;64;21;15;TO_DATE('2013-09-18','YYYY-MM-DD');226807;
4939873;162;7;23;15;TO_DATE('2014-01-14','YYYY-MM-DD');228811;
5644010;170;60;28;16;TO_DATE('2014-02-04','YYYY-MM-DD');54340;
8356211;195;39;21;16;TO_DATE('2013-12-07','YYYY-MM-DD');278086;
2435055;151;20;12;20;TO_DATE('2014-03-08','YYYY-MM-DD');272221;
5353602;193;36;13;12;TO_DATE('2013-12-08','YYYY-MM-DD');214853;
793902;203;21;28;17;TO_DATE('2013-06-27','YYYY-MM-DD');158427;
6387440;179;56;12;14;TO_DATE('2014-01-20','YYYY-MM-DD');236460;
1863258;198;67;4;5;TO_DATE('2013-09-12','YYYY-MM-DD');235392;
1049848;173;11;11;13;TO_DATE('2013-06-15','YYYY-MM-DD');38882;
5857386;179;61;13;8;TO_DATE('2013-12-19','YYYY-MM-DD');262093;
6139720;199;21;21;20;TO_DATE('2013-09-03','YYYY-MM-DD');90038;
7820;182;59;22;15;TO_DATE('2013-06-09','YYYY-MM-DD');217323;
1705774;205;71;2;4;TO_DATE('2013-04-19','YYYY-MM-DD');85045;
5405015;162;45;18;16;TO_DATE('2013-09-07','YYYY-MM-DD');14732;
1868222;199;21;16;16;TO_DATE('2014-04-15','YYYY-MM-DD');29395;
7525889;152;51;16;4;TO_DATE('2013-10-31','YYYY-MM-DD');96804;
7709174;154;2;29;3;TO_DATE('2013-07-13','YYYY-MM-DD');55864;
9140100;161;71;3;19;TO_DATE('2013-10-08','YYYY-MM-DD');228898;
521372;176;67;4;7;TO_DATE('2014-02-10','YYYY-MM-DD');124268;
1610827;184;67;4;17;TO_DATE('2013-06-06','YYYY-MM-DD');40036;
6253618;169;54;30;19;TO_DATE('2013-06-28','YYYY-MM-DD');86798;
7412127;188;58;25;3;TO_DATE('2013-10-11','YYYY-MM-DD');238376;
8345853;207;33;26;5;TO_DATE('2013-09-27','YYYY-MM-DD');291082;
588033;185;53;17;2;TO_DATE('2014-03-05','YYYY-MM-DD');217338;
5792081;159;26;14;12;TO_DATE('2014-04-07','YYYY-MM-DD');199388;
4620828;177;55;12;2;TO_DATE('2014-01-12','YYYY-MM-DD');131154;
2656508;161;69;9;2;TO_DATE('2013-09-27','YYYY-MM-DD');153040;
5659451;160;5;28;2;TO_DATE('2013-12-12','YYYY-MM-DD');42526;
4590753;197;48;25;2;TO_DATE('2013-09-29','YYYY-MM-DD');225972;
1543082;208;67;5;6;TO_DATE('2013-08-09','YYYY-MM-DD');55503;
4577373;162;5;18;14;TO_DATE('2013-11-29','YYYY-MM-DD');269689;
8635508;174;23;25;7;TO_DATE('2013-12-02','YYYY-MM-DD');180785;
2544504;158;26;24;1;TO_DATE('2013-11-26','YYYY-MM-DD');181713;
8002062;172;53;22;20;TO_DATE('2013-11-03','YYYY-MM-DD');260887;
2044453;165;72;9;13;TO_DATE('2013-11-18','YYYY-MM-DD');280306;
9267306;179;55;28;8;TO_DATE('2014-02-09','YYYY-MM-DD');150409;
9931407;197;46;19;9;TO_DATE('2013-08-06','YYYY-MM-DD');265775;
9828683;157;72;2;12;TO_DATE('2014-04-12','YYYY-MM-DD');264412;
4587058;212;6;24;1;TO_DATE('2014-01-24','YYYY-MM-DD');47047;
6015212;185;61;18;8;TO_DATE('2013-08-10','YYYY-MM-DD');21833;
8371501;190;27;11;19;TO_DATE('2014-03-05','YYYY-MM-DD');36600;
